lemma,issue,a,n_issue_paras,n_lemma_paras,log_odds,p,q,significant
debido,issue_6,54,458,54,6.701,0.0,0.0,True
penal,issue_6,46,458,46,6.523,0.0,0.0,True
subordinado,issue_6,41,458,41,6.397,0.0,0.0,True
eximente,issue_6,35,458,35,6.227,0.0,0.0,True
delito,issue_6,67,458,68,5.849,0.0,0.0,True
constitucional,issue_6,24,458,24,5.83,0.0,0.0,True
ilicito,issue_6,21,458,21,5.693,0.0,0.0,True
judio,issue_1,66,1188,66,5.603,0.0,0.0,True
extraordinario,issue_6,19,458,19,5.59,0.0,0.0,True
judicial,issue_6,16,458,16,5.417,0.0,0.0,True
cumplimiento,issue_6,15,458,15,5.352,0.0,0.0,True
inconstitucionalidad,issue_6,15,458,15,5.352,0.0,0.0,True
sendero,issue_3,21,680,21,5.206,0.0,0.0,True
juez,issue_6,12,458,12,5.13,0.0,0.0,True
mando,issue_6,12,458,12,5.13,0.0,0.0,True
ilicitud,issue_6,11,458,11,5.044,0.0,0.0,True
jurisprudencia,issue_6,11,458,11,5.044,0.0,0.0,True
presuncion,issue_6,11,458,11,5.044,0.0,0.0,True
atardecer,issue_3,17,680,17,4.994,0.0,0.0,True
deber,issue_6,30,458,31,4.964,0.0,0.0,True
coaccion,issue_6,10,458,10,4.951,0.0,0.0,True
ilegitimo,issue_6,10,458,10,4.951,0.0,0.0,True
obediencia,issue_6,115,458,122,4.905,0.0,0.0,True
peregrinar,issue_3,14,680,14,4.801,0.0,0.0,True
venado,issue_3,14,680,14,4.801,0.0,0.0,True
erotismo,issue_4-5,12,668,12,4.672,0.0,0.0,True
maniqui,issue_4-5,11,668,11,4.587,0.0,0.0,True
aurora,issue_3,33,680,34,4.569,0.0,0.0,True
apartamiento,issue_3,31,680,32,4.504,0.0,0.0,True
amnistir,issue_6,18,458,19,4.437,0.0,0.0,True
mandato,issue_6,27,458,29,4.342,0.0,0.0,True
juridico,issue_6,35,458,38,4.28,0.0,0.0,True
antisemitismo,issue_1,17,1188,17,4.225,0.0,0.0,True
militar,issue_6,81,458,90,4.225,0.0,0.0,True
tribunal,issue_6,22,458,24,4.13,0.0,0.0,True
desobediencia,issue_6,13,458,14,4.11,0.0,0.0,True
atroz,issue_6,21,458,23,4.083,0.0,0.0,True
ilegal,issue_6,11,458,12,3.945,0.0,0.0,True
superior,issue_6,45,458,51,3.932,0.0,0.0,True
agravio,issue_6,10,458,11,3.852,0.0,0.0,True
civil,issue_6,22,458,25,3.793,0.0,0.0,True
sentencia,issue_6,20,458,23,3.696,0.0,0.0,True
legitimidad,issue_6,14,458,16,3.673,0.0,0.0,True
culpabilidad,issue_6,17,458,20,3.531,0.0,0.0,True
azul,issue_3,40,680,45,3.469,0.0,0.0,True
ocaso,issue_3,25,680,28,3.436,0.0,0.0,True
derecho,issue_6,63,458,80,3.316,0.0,0.0,True
responsabilidad,issue_6,59,458,75,3.3,0.0,0.0,True
recurso,issue_6,29,458,37,3.192,0.0,0.0,True
orden,issue_6,110,458,151,3.125,0.0,0.0,True
ciego,issue_6,14,458,18,3.084,0.0,0.0,True
ley,issue_6,98,458,135,3.078,0.0,0.0,True
aplicacion,issue_6,13,458,17,3.011,0.0,0.0,True
principio,issue_6,25,458,34,2.925,0.0,0.0,True
exilio,issue_3,45,680,56,2.853,0.0,0.0,True
divino,issue_1,30,1188,33,2.844,0.0,0.0,True
represion,issue_6,13,458,18,2.81,0.0,0.0,True
ano,issue_3,16,680,20,2.735,0.0,0.0,True
servicio,issue_6,17,458,25,2.642,0.0,0.0,True
tortura,issue_6,24,458,36,2.607,0.0,0.0,True
poesia,issue_3,75,680,102,2.53,0.0,0.0,True
extranjero,issue_3,45,680,63,2.375,0.0,0.0,True
ensayo,issue_4-5,20,668,29,2.232,0.0,0.0,True
autoridad,issue_6,19,458,33,2.218,0.0,0.0,True
hecho,issue_6,25,458,45,2.152,0.0,0.0,True
esencia,issue_3,31,680,47,2.101,0.0,0.0,True
dinero,issue_1,51,1188,65,1.96,0.0,0.0,True
acto,issue_6,21,458,42,1.924,0.0,0.0,True
traduccion,issue_2,32,482,66,1.823,0.0,0.0,True
espiritu,issue_3,35,680,60,1.788,0.0,0.0,True
politico,issue_6,67,458,163,1.653,0.0,0.0,True
noche,issue_3,39,680,72,1.625,0.0,0.0,True
alma,issue_3,44,680,82,1.611,0.0,0.0,True
guerra,issue_6,34,458,93,1.397,0.0,0.0,True
novela,issue_3,42,680,93,1.267,0.0,0.0,True
orden,issue_1,16,1188,151,-1.498,0.0,0.0,True
guerra,issue_1,8,1188,93,-1.684,0.0,0.0,True
ley,issue_1,11,1188,135,-1.773,0.0,0.0,True
orden,issue_4-5,5,668,151,-1.893,0.0,0.0,True
poesia,issue_1,7,1188,102,-1.926,0.0,0.0,True
obediencia,issue_3,3,680,122,-2.156,0.0,0.0,True
militar,issue_1,3,1188,90,-2.6,0.0,0.0,True
obediencia,issue_1,3,1188,122,-2.926,0.0,0.0,True
homosexualidad,issue_4-5,10,668,10,4.495,0.0,1e-06,True
apartado,issue_3,10,680,10,4.473,0.0,1e-06,True
impunidad,issue_6,10,458,12,3.341,0.0,1e-06,True
jefe,issue_6,10,458,12,3.341,0.0,1e-06,True
paterno,issue_4-5,13,668,15,3.141,0.0,1e-06,True
solitario,issue_3,13,680,15,3.118,0.0,1e-06,True
organizacion,issue_6,11,458,14,3.097,0.0,1e-06,True
poder,issue_6,11,458,14,3.097,0.0,1e-06,True
rebelion,issue_6,12,458,16,2.931,0.0,1e-06,True
extrano,issue_3,14,680,17,2.854,0.0,1e-06,True
analisis,issue_6,16,458,28,2.194,0.0,1e-06,True
narrativo,issue_4-5,19,668,28,2.18,0.0,1e-06,True
crimen,issue_6,18,458,35,1.975,0.0,1e-06,True
ley,issue_3,5,680,135,-1.794,0.0,1e-06,True
anormal,issue_1,15,1188,15,4.102,0.0,2e-06,True
aberrant,issue_6,9,458,10,3.75,0.0,2e-06,True
criminal,issue_6,9,458,10,3.75,0.0,2e-06,True
revision,issue_6,9,458,10,3.75,0.0,2e-06,True
masculino,issue_4-5,12,668,14,3.062,0.0,2e-06,True
muerto,issue_3,20,680,32,1.934,0.0,2e-06,True
cristiano,issue_1,29,1188,38,1.809,0.0,2e-06,True
accion,issue_6,20,458,43,1.785,0.0,2e-06,True
argentino,issue_3,30,680,60,1.448,0.0,2e-06,True
lectura,issue_4-5,36,668,80,1.277,0.0,2e-06,True
cuerpo,issue_4-5,48,668,122,1.054,0.0,2e-06,True
politico,issue_2,3,482,163,-2.049,0.0,2e-06,True
arbitrariedad,issue_6,11,458,15,2.846,0.0,3e-06,True
erotico,issue_4-5,16,668,23,2.246,0.0,3e-06,True
femenino,issue_4-5,16,668,23,2.246,0.0,3e-06,True
nacional,issue_3,22,680,38,1.751,0.0,3e-06,True
responsabilidad,issue_1,6,1188,75,-1.74,0.0,3e-06,True
muerte,issue_6,3,458,166,-2.008,0.0,3e-06,True
inferior,issue_6,10,458,13,3.004,0.0,4e-06,True
general,issue_6,13,458,21,2.373,0.0,4e-06,True
oficial,issue_6,13,458,21,2.373,0.0,4e-06,True
plenitud,issue_4-5,15,668,21,2.325,0.0,4e-06,True
caracter,issue_6,19,458,42,1.733,0.0,5e-06,True
poeta,issue_3,23,680,42,1.627,0.0,5e-06,True
pobre,issue_1,16,1188,17,3.066,0.0,6e-06,True
ritual,issue_4-5,14,668,19,2.424,0.0,6e-06,True
comun,issue_6,17,458,35,1.861,0.0,6e-06,True
noche,issue_1,6,1188,72,-1.694,0.0,6e-06,True
justificacion,issue_6,9,458,11,3.239,0.0,7e-06,True
legal,issue_6,12,458,19,2.42,1e-06,7e-06,True
crepusculo,issue_3,14,680,19,2.402,0.0,7e-06,True
verso,issue_3,14,680,19,2.402,0.0,7e-06,True
critica,issue_4-5,25,668,49,1.505,0.0,7e-06,True
lugar,issue_3,29,680,61,1.348,1e-06,8e-06,True
estanque,issue_3,10,680,11,3.374,1e-06,1e-05,True
localizacion,issue_3,11,680,13,2.955,1e-06,1.1e-05,True
institucion,issue_6,10,458,14,2.753,1e-06,1.2e-05,True
disposicion,issue_6,12,458,20,2.294,1e-06,1.5e-05,True
reloj,issue_4-5,13,668,18,2.351,1e-06,1.9e-05,True
dolor,issue_3,30,680,66,1.266,2e-06,2.3e-05,True
pais,issue_3,15,680,23,2.033,2e-06,2.7e-05,True
imaginario,issue_4-5,16,668,26,1.908,2e-06,2.9e-05,True
piel,issue_4-5,16,668,26,1.908,2e-06,2.9e-05,True
persecucion,issue_1,19,1188,23,2.136,2e-06,3e-05,True
justicia,issue_6,16,458,35,1.747,2e-06,3e-05,True
armonir,issue_3,12,680,16,2.451,2e-06,3.1e-05,True
apelacion,issue_6,8,458,10,3.125,3e-06,3.7e-05,True
articulo,issue_6,8,458,10,3.125,3e-06,3.7e-05,True
exceso,issue_6,8,458,10,3.125,3e-06,3.7e-05,True
revolucionario,issue_6,8,458,10,3.125,3e-06,3.7e-05,True
catolico,issue_1,14,1188,15,2.935,3e-06,3.7e-05,True
delirio,issue_3,14,680,21,2.091,3e-06,3.8e-05,True
nacido,issue_3,10,680,12,2.862,3e-06,4.2e-05,True
error,issue_6,16,458,36,1.696,4e-06,4.5e-05,True
defensa,issue_6,12,458,22,2.082,4e-06,5.3e-05,True
discurso,issue_1,17,1188,114,-1.091,4e-06,5.3e-05,True
escritura,issue_4-5,48,668,135,0.888,6e-06,6.6e-05,True
fijo,issue_1,15,1188,17,2.492,6e-06,7.1e-05,True
salvacion,issue_1,15,1188,17,2.492,6e-06,7.1e-05,True
juicio,issue_6,13,458,26,1.909,6e-06,7.2e-05,True
politico,issue_1,30,1188,163,-0.855,6e-06,7.2e-05,True
lagrima,issue_1,11,1188,11,3.8,7e-06,8.2e-05,True
negocio,issue_1,11,1188,11,3.8,7e-06,8.2e-05,True
hijo,issue_1,25,1188,35,1.559,7e-06,8.2e-05,True
literatura,issue_6,6,458,181,-1.458,7e-06,8.2e-05,True
desierto,issue_4-5,16,668,28,1.733,9e-06,9.8e-05,True
percepcion,issue_4-5,10,668,13,2.548,1.1e-05,0.000117,True
sueno,issue_4-5,28,668,66,1.164,1.1e-05,0.000122,True
conducta,issue_6,10,458,17,2.241,1.2e-05,0.000129,True
gobierno,issue_6,9,458,14,2.449,1.2e-05,0.00013,True
resistencia,issue_6,9,458,14,2.449,1.2e-05,0.00013,True
canto,issue_3,10,680,13,2.526,1.2e-05,0.000133,True
europeo,issue_3,10,680,13,2.526,1.2e-05,0.000133,True
derecho,issue_1,10,1188,80,-1.272,1.2e-05,0.000133,True
peregrinaje,issue_3,9,680,11,2.761,1.5e-05,0.000159,True
poetizar,issue_3,9,680,11,2.761,1.5e-05,0.000159,True
discurso,issue_6,32,458,114,0.998,1.6e-05,0.000162,True
alegoer,issue_3,12,680,18,2.083,1.7e-05,0.000173,True
muerte,issue_3,55,680,166,0.759,2.1e-05,0.000217,True
beato,issue_1,10,1188,10,3.708,2.1e-05,0.000218,True
azul,issue_1,3,1188,45,-1.858,2.2e-05,0.000221,True
animal,issue_3,13,680,21,1.892,2.4e-05,0.000239,True
rostro,issue_3,13,680,21,1.892,2.4e-05,0.000239,True
sociedad,issue_6,20,458,58,1.286,2.4e-05,0.000243,True
comienzo,issue_3,11,680,16,2.165,2.5e-05,0.000249,True
violacion,issue_6,8,458,12,2.537,2.6e-05,0.00026,True
agente,issue_6,9,458,15,2.282,2.7e-05,0.000263,True
muneca,issue_4-5,10,668,14,2.296,3.1e-05,0.0003,True
causa,issue_6,11,458,22,1.905,3.3e-05,0.000325,True
fuerza,issue_6,17,458,46,1.39,3.6e-05,0.000347,True
interpretacion,issue_6,17,458,46,1.39,3.6e-05,0.000347,True
jardin,issue_2,10,482,18,2.055,3.7e-05,0.000356,True
palabra,issue_6,3,458,124,-1.697,3.8e-05,0.000365,True
funcion,issue_6,16,458,42,1.438,4e-05,0.000376,True
conciencia,issue_1,8,1188,67,-1.31,4.1e-05,0.000388,True
proceso,issue_6,10,458,19,2.004,4.4e-05,0.000408,True
guerra,issue_4-5,4,668,93,-1.581,4.3e-05,0.000408,True
cine,issue_4-5,16,668,31,1.517,4.9e-05,0.000452,True
derecho,issue_3,3,680,80,-1.708,4.9e-05,0.000452,True
literario,issue_6,4,458,138,-1.55,4.9e-05,0.000453,True
verbo,issue_1,18,1188,24,1.714,5e-05,0.000456,True
argumentacion,issue_6,9,458,16,2.138,5.4e-05,0.00049,True
internacional,issue_6,9,458,16,2.138,5.4e-05,0.00049,True
democratico,issue_6,7,458,10,2.661,5.5e-05,0.000498,True
facultad,issue_6,7,458,10,2.661,5.5e-05,0.000498,True
desnudez,issue_4-5,8,668,10,2.67,5.6e-05,0.000499,True
acto,issue_1,3,1188,42,-1.783,5.6e-05,0.000499,True
contenido,issue_6,8,458,13,2.336,6e-05,0.000528,True
instancia,issue_6,8,458,13,2.336,6e-05,0.000528,True
obligacion,issue_6,8,458,13,2.336,6e-05,0.000528,True
normal,issue_1,14,1188,17,2.087,6.1e-05,0.000537,True
nocturno,issue_3,8,680,10,2.648,6.4e-05,0.000557,True
publico,issue_6,13,458,31,1.592,6.6e-05,0.000569,True
fantastico,issue_1,21,1188,30,1.486,6.6e-05,0.00057,True
fenomeno,issue_4-5,10,668,15,2.095,7.6e-05,0.000652,True
edad,issue_1,23,1188,34,1.385,7.7e-05,0.000654,True
genero,issue_3,29,680,74,1.007,7.8e-05,0.000667,True
exilio,issue_1,6,1188,56,-1.412,8.8e-05,0.00074,True
orden,issue_2,6,482,151,-1.32,9e-05,0.000756,True
prueba,issue_6,11,458,24,1.744,9.2e-05,0.000768,True
actividad,issue_6,9,458,17,2.013,0.000101,0.00084,True
circunstancia,issue_6,9,458,17,2.013,0.000101,0.00084,True
ley,issue_2,5,482,135,-1.375,0.000113,0.000933,True
infancia,issue_3,11,680,18,1.855,0.000123,0.001013,True
declaracion,issue_6,8,458,14,2.168,0.000124,0.001018,True
discursivo,issue_6,7,458,11,2.409,0.000135,0.001101,True
personal,issue_6,11,458,25,1.672,0.000144,0.001173,True
exterior,issue_4-5,10,668,16,1.928,0.000168,0.001345,True
familiar,issue_4-5,10,668,16,1.928,0.000168,0.001345,True
responsabilidad,issue_4-5,3,668,75,-1.617,0.000167,0.001345,True
discontinuidad,issue_4-5,8,668,11,2.334,0.00017,0.001359,True
decision,issue_6,9,458,18,1.901,0.000179,0.001422,True
cao,issue_3,8,680,11,2.311,0.000194,0.001537,True
corrupcion,issue_3,10,680,16,1.906,0.000196,0.001546,True
militar,issue_3,5,680,90,-1.354,0.000224,0.001754,True
nacional,issue_1,3,1188,38,-1.674,0.000227,0.001772,True
nombre,issue_2,14,482,37,1.364,0.00023,0.001789,True
culpa,issue_3,11,680,19,1.729,0.000241,0.001866,True
noble,issue_1,11,1188,13,2.19,0.000267,0.002056,True
dignidad,issue_6,7,458,12,2.208,0.000287,0.002187,True
subversion,issue_6,7,458,12,2.208,0.000287,0.002187,True
tormento,issue_6,7,458,12,2.208,0.000287,0.002187,True
esencia,issue_1,5,1188,47,-1.404,0.000293,0.002216,True
sistema,issue_6,16,458,49,1.201,0.000327,0.002466,True
amistad,issue_2,8,482,15,1.965,0.000339,0.00254,True
novela,issue_1,16,1188,93,-0.912,0.000339,0.00254,True
misterio,issue_1,16,1188,22,1.598,0.000342,0.002546,True
politica,issue_6,14,458,40,1.304,0.000343,0.002546,True
sobrenatural,issue_1,12,1188,15,1.937,0.000362,0.002674,True
vision,issue_4-5,22,668,55,1.059,0.000366,0.002693,True
frontera,issue_1,9,1188,10,2.508,0.000433,0.003147,True
maravilloso,issue_1,9,1188,10,2.508,0.000433,0.003147,True
nobleza,issue_1,9,1188,10,2.508,0.000433,0.003147,True
extranjero,issue_1,9,1188,63,-1.108,0.00044,0.003187,True
territorio,issue_3,13,680,26,1.428,0.000457,0.003297,True
lectura,issue_1,13,1188,80,-0.973,0.000465,0.003345,True
identidad,issue_4-5,18,668,42,1.173,0.000468,0.003352,True
superior,issue_1,6,1188,51,-1.306,0.000479,0.003417,True
enemigo,issue_6,9,458,20,1.71,0.000484,0.003439,True
politico,issue_4-5,15,668,163,-0.856,0.000488,0.003454,True
espejo,issue_4-5,15,668,33,1.275,0.000506,0.003563,True
tortura,issue_1,3,1188,36,-1.616,0.000568,0.003987,True
raza,issue_1,16,1188,23,1.454,0.000613,0.004285,True
dominio,issue_4-5,11,668,21,1.539,0.000654,0.004552,True
actor,issue_4-5,7,668,10,2.207,0.000656,0.004554,True
caso,issue_6,6,458,10,2.264,0.000666,0.004588,True
positivo,issue_6,6,458,10,2.264,0.000666,0.004588,True
poetico,issue_3,17,680,39,1.179,0.000691,0.004738,True
orden,issue_3,14,680,151,-0.866,0.000709,0.004846,True
oscuro,issue_3,10,680,18,1.637,0.000733,0.004988,True
absoluto,issue_6,9,458,21,1.626,0.00075,0.005087,True
retrato,issue_2,7,482,13,1.981,0.000761,0.005121,True
ilusion,issue_3,12,680,24,1.427,0.00076,0.005121,True
relato,issue_4-5,30,668,87,0.827,0.000767,0.005143,True
voracidad,issue_1,11,1188,14,1.853,0.00086,0.00575,True
gusto,issue_2,6,482,10,2.204,0.000883,0.005858,True
lucidez,issue_2,6,482,10,2.204,0.000883,0.005858,True
detalle,issue_4-5,8,668,13,1.881,0.000921,0.006071,True
procedimiento,issue_1,3,1188,35,-1.585,0.000922,0.006071,True
hombre,issue_3,25,680,68,0.901,0.000929,0.006096,True
textual,issue_4-5,13,668,28,1.312,0.000936,0.006121,True
media,issue_1,17,1188,25,1.388,0.000943,0.006144,True
concreto,issue_6,7,458,14,1.898,0.000981,0.006325,True
division,issue_6,7,458,14,1.898,0.000981,0.006325,True
honor,issue_6,7,458,14,1.898,0.000981,0.006325,True
cielo,issue_3,14,680,31,1.24,0.001015,0.006517,True
miedo,issue_2,11,482,29,1.367,0.00106,0.006786,True
olvido,issue_1,22,1188,36,1.107,0.001138,0.007257,True
relato,issue_1,16,1188,87,-0.829,0.001264,0.008036,True
pintura,issue_2,7,482,14,1.838,0.001341,0.008465,True
version,issue_2,7,482,14,1.838,0.001341,0.008465,True
guerra,issue_3,31,680,93,0.752,0.001347,0.008471,True
discurso,issue_2,5,482,114,-1.192,0.001353,0.008484,True
esperanza,issue_1,17,1188,26,1.277,0.00136,0.008494,True
nino,issue_4-5,7,668,11,1.955,0.001507,0.009381,True
recurso,issue_1,4,1188,37,-1.363,0.001541,0.009562,True
artista,issue_2,8,482,18,1.628,0.001573,0.009726,True
interes,issue_6,9,458,23,1.477,0.001634,0.01007,True
fuego,issue_1,9,1188,11,1.997,0.001655,0.010164,True
etico,issue_6,14,458,46,1.098,0.00167,0.010221,True
fiesta,issue_2,6,482,11,2.003,0.001716,0.010437,True
ventana,issue_2,6,482,11,2.003,0.001716,0.010437,True
extranjero,issue_4-5,3,668,63,-1.432,0.001782,0.010798,True
teoria,issue_6,12,458,37,1.19,0.001942,0.011728,True
capital,issue_1,10,1188,13,1.761,0.002011,0.012026,True
miserio,issue_1,10,1188,13,1.761,0.002011,0.012026,True
viaje,issue_3,11,680,23,1.342,0.002004,0.012026,True
silencio,issue_4-5,21,668,58,0.898,0.002098,0.012508,True
terror,issue_3,10,680,20,1.425,0.002115,0.012565,True
mundo,issue_3,31,680,94,0.736,0.00213,0.012613,True
hermano,issue_3,9,680,17,1.535,0.002139,0.012628,True
vacio,issue_4-5,18,668,47,0.986,0.002216,0.013035,True
politico,issue_3,48,680,163,0.577,0.002246,0.013171,True
instrumento,issue_6,6,458,12,1.896,0.00232,0.013562,True
politica,issue_3,16,680,40,1.033,0.002343,0.013651,True
metodo,issue_4-5,11,668,24,1.287,0.002635,0.015302,True
tradicion,issue_6,15,458,52,1.022,0.002705,0.01566,True
decadencia,issue_4-5,7,668,12,1.754,0.003021,0.017324,True
humor,issue_4-5,7,668,12,1.754,0.003021,0.017324,True
singularidad,issue_4-5,7,668,12,1.754,0.003021,0.017324,True
memorio,issue_4-5,22,668,63,0.842,0.00313,0.017892,True
infinito,issue_1,12,1188,17,1.484,0.003141,0.017899,True
fragmento,issue_4-5,8,668,15,1.57,0.003195,0.018089,True
cuestion,issue_6,9,458,25,1.347,0.003204,0.018089,True
violencia,issue_4-5,15,668,38,1.034,0.003186,0.018089,True
alma,issue_2,3,482,82,-1.318,0.003357,0.018894,True
amor,issue_4-5,19,668,52,0.911,0.003702,0.020773,True
democracia,issue_6,6,458,13,1.752,0.003835,0.021452,True
cuerpo,issue_6,6,458,122,-1.028,0.003869,0.021577,True
vision,issue_1,9,1188,55,-0.946,0.003973,0.022087,True
oprobio,issue_1,8,1188,10,1.885,0.004022,0.022294,True
relato,issue_2,22,482,87,0.782,0.004055,0.022406,True
escritor,issue_4-5,16,668,41,1.015,0.004068,0.022411,True
experiencia,issue_4-5,13,668,31,1.133,0.004217,0.023164,True
derecho,issue_2,3,482,80,-1.292,0.004833,0.026465,True
creador,issue_4-5,6,668,10,1.811,0.005109,0.027891,True
pros,issue_2,7,482,17,1.5,0.005218,0.028401,True
ensayo,issue_1,3,1188,29,-1.378,0.005234,0.028402,True
amoroso,issue_4-5,8,668,16,1.445,0.005328,0.02883,True
religion,issue_1,12,1188,18,1.317,0.005376,0.029003,True
contexto,issue_6,5,458,10,1.894,0.005544,0.029637,True
disciplina,issue_6,5,458,10,1.894,0.005544,0.029637,True
partido,issue_6,5,458,10,1.894,0.005544,0.029637,True
paso,issue_3,6,680,10,1.788,0.005608,0.029637,True
patrio,issue_3,6,680,10,1.788,0.005608,0.029637,True
retorno,issue_3,6,680,10,1.788,0.005608,0.029637,True
verde,issue_3,6,680,10,1.788,0.005608,0.029637,True
argentino,issue_6,16,458,60,0.913,0.005626,0.029648,True
libertad,issue_6,13,458,45,1.024,0.005698,0.02994,True
doctrina,issue_6,6,458,14,1.627,0.005975,0.031037,True
fundamental,issue_6,6,458,14,1.627,0.005975,0.031037,True
interno,issue_6,6,458,14,1.627,0.005975,0.031037,True
dorado,issue_3,8,680,16,1.422,0.005973,0.031037,True
sustitucion,issue_3,7,680,13,1.565,0.006069,0.031346,True
tragedia,issue_3,7,680,13,1.565,0.006069,0.031346,True
abismo,issue_1,11,1188,16,1.4,0.006164,0.031743,True
estilo,issue_4-5,18,668,51,0.857,0.00635,0.03252,True
obra,issue_4-5,18,668,51,0.857,0.00635,0.03252,True
musica,issue_4-5,10,668,23,1.194,0.006515,0.033272,True
estetica,issue_4-5,12,668,29,1.111,0.006791,0.034584,True
simbolismir,issue_2,5,482,10,1.834,0.00694,0.035143,True
memoria,issue_2,8,482,22,1.304,0.00692,0.035143,True
monologo,issue_2,6,482,14,1.567,0.007716,0.038859,True
perdon,issue_1,10,1188,14,1.509,0.007715,0.038859,True
responsabilidad,issue_3,6,680,75,-0.972,0.007791,0.039126,True
simbolo,issue_2,9,482,27,1.172,0.008105,0.040481,True
pensamiento,issue_2,15,482,54,0.909,0.008084,0.040481,True
sujeto,issue_4-5,13,668,34,0.982,0.008142,0.040554,True
cuerpo,issue_1,28,1188,122,-0.562,0.008425,0.041851,True
historico,issue_3,21,680,62,0.772,0.008685,0.043022,True
necesidad,issue_6,6,458,15,1.515,0.00887,0.043819,True
objetivo,issue_6,5,458,11,1.726,0.009077,0.044601,True
policial,issue_6,5,458,11,1.726,0.009077,0.044601,True
critica,issue_1,8,1188,49,-0.942,0.009109,0.044635,True
matrimonio,issue_4-5,7,668,14,1.443,0.009153,0.044729,True
central,issue_4-5,6,668,11,1.61,0.009431,0.045359,True
fracaso,issue_4-5,6,668,11,1.61,0.009431,0.045359,True
modernismo,issue_4-5,6,668,11,1.61,0.009431,0.045359,True
cosa,issue_3,8,680,17,1.311,0.009381,0.045359,True
paisaje,issue_3,8,680,17,1.311,0.009381,0.045359,True
espanol,issue_2,8,482,23,1.236,0.009354,0.045359,True
codigo,issue_6,12,458,43,0.976,0.009864,0.047315,True
nacion,issue_1,13,1188,21,1.125,0.01023,0.048943,True
cancion,issue_3,6,680,11,1.587,0.010317,0.049103,True
geografico,issue_3,6,680,11,1.587,0.010317,0.049103,True
escena,issue_2,9,482,28,1.119,0.010516,0.049918,True
mental,issue_4-5,9,668,21,1.17,0.010887,0.051488,False
politica,issue_1,6,1188,40,-1.024,0.010904,0.051488,False
tiempo,issue_1,48,1188,104,0.519,0.011453,0.053803,False
relacion,issue_1,9,1188,52,-0.878,0.011433,0.053803,False
enunciacion,issue_3,3,680,51,-1.228,0.011483,0.053803,False
repeticion,issue_1,10,1188,15,1.308,0.012059,0.056237,False
luz,issue_3,14,680,38,0.901,0.012064,0.056237,False
ideologico,issue_3,9,680,21,1.148,0.012243,0.056895,False
condicion,issue_6,9,458,30,1.081,0.012268,0.056895,False
elemento,issue_6,6,458,16,1.415,0.012645,0.058495,False
texto,issue_2,19,482,79,0.713,0.012681,0.058512,False
inteligencia,issue_6,5,458,12,1.583,0.013904,0.063992,False
generacion,issue_3,8,680,18,1.21,0.014048,0.064493,False
caracter,issue_1,7,1188,42,-0.909,0.014195,0.064839,False
poeta,issue_1,7,1188,42,-0.909,0.014195,0.064839,False
cabeza,issue_4-5,7,668,15,1.318,0.014365,0.064966,False
cadena,issue_4-5,7,668,15,1.318,0.014365,0.064966,False
copia,issue_4-5,7,668,15,1.318,0.014365,0.064966,False
distancia,issue_2,7,482,20,1.248,0.014322,0.064966,False
desesperacion,issue_1,9,1188,13,1.408,0.014765,0.066247,False
santo,issue_1,9,1188,13,1.408,0.014765,0.066247,False
traductor,issue_1,9,1188,13,1.408,0.014765,0.066247,False
sentido,issue_6,4,458,87,-1.055,0.014794,0.066247,False
literario,issue_4-5,38,668,138,0.498,0.014943,0.066747,False
valor,issue_6,9,458,31,1.035,0.015331,0.068311,False
luz,issue_1,6,1188,38,-0.963,0.015575,0.069228,False
espectaculo,issue_4-5,6,668,12,1.442,0.015841,0.069902,False
mentira,issue_4-5,6,668,12,1.442,0.015841,0.069902,False
dialogo,issue_3,10,680,24,1.1,0.01583,0.069902,False
procedimiento,issue_3,13,680,35,0.914,0.015963,0.069928,False
conciencia,issue_6,16,458,67,0.765,0.015914,0.069928,False
humano,issue_4-5,5,668,64,-0.96,0.015945,0.069928,False
risa,issue_1,14,1188,24,0.985,0.016615,0.072611,False
madera,issue_2,5,482,12,1.523,0.01719,0.074059,False
olor,issue_2,5,482,12,1.523,0.01719,0.074059,False
sexual,issue_2,5,482,12,1.523,0.01719,0.074059,False
civilizacion,issue_3,6,680,12,1.42,0.017272,0.074059,False
diferencia,issue_3,6,680,12,1.42,0.017272,0.074059,False
pensar,issue_3,6,680,12,1.42,0.017272,0.074059,False
desear,issue_4-5,13,668,36,0.892,0.017033,0.074059,False
sociedad,issue_4-5,4,668,58,-1.072,0.017094,0.074059,False
imposible,issue_1,11,1188,17,1.232,0.017637,0.07527,False
estructura,issue_4-5,10,668,25,1.056,0.017598,0.07527,False
cultura,issue_4-5,19,668,59,0.719,0.018108,0.077096,False
pueblo,issue_1,21,1188,40,0.762,0.018213,0.077364,False
linea,issue_1,12,1188,20,1.048,0.018386,0.077914,False
posicion,issue_3,10,680,25,1.033,0.018817,0.079555,False
personal,issue_1,3,1188,25,-1.213,0.018871,0.079602,False
nostalgia,issue_2,7,482,21,1.176,0.018985,0.079895,False
ciencia,issue_4-5,13,668,37,0.85,0.019846,0.083297,False
escritura,issue_3,16,680,135,-0.586,0.019885,0.083297,False
medio,issue_6,5,458,13,1.458,0.020197,0.084409,False
literatura,issue_3,48,680,181,0.425,0.020465,0.085334,False
carta,issue_1,13,1188,22,1.014,0.021679,0.090187,False
sentido,issue_1,40,1188,87,0.509,0.021866,0.090759,False
caballo,issue_2,6,482,17,1.264,0.022073,0.09141,False
espacio,issue_1,31,1188,64,0.606,0.022872,0.094501,False
enfermedad,issue_3,7,680,16,1.184,0.023492,0.096153,False
opinion,issue_3,7,680,16,1.184,0.023492,0.096153,False
romantico,issue_3,7,680,16,1.184,0.023492,0.096153,False
cultural,issue_1,25,1188,50,0.665,0.023389,0.096153,False
fuerza,issue_4-5,3,668,46,-1.096,0.023536,0.096153,False
vacio,issue_3,3,680,47,-1.141,0.02416,0.098482,False
metafisico,issue_4-5,9,668,22,1.093,0.024353,0.099048,False
presencia,issue_2,5,482,13,1.398,0.02482,0.099388,False
recuerdo,issue_2,5,482,13,1.398,0.02482,0.099388,False
continuidad,issue_4-5,6,668,13,1.299,0.02473,0.099388,False
identificacion,issue_4-5,6,668,13,1.299,0.02473,0.099388,False
puro,issue_4-5,6,668,13,1.299,0.02473,0.099388,False
vertigo,issue_4-5,6,668,13,1.299,0.02473,0.099388,False
narracion,issue_3,14,680,40,0.822,0.024707,0.099388,False
autoridad,issue_1,5,1188,33,-0.998,0.025224,0.100784,False
ley,issue_4-5,16,668,135,-0.564,0.025634,0.102199,False
estilo,issue_1,10,1188,51,-0.729,0.026005,0.103451,False
existencia,issue_4-5,10,668,27,0.934,0.026105,0.103623,False
lengua,issue_1,38,1188,83,0.501,0.02627,0.104049,False
comentario,issue_4-5,5,668,10,1.441,0.027705,0.10902,False
mancha,issue_4-5,5,668,10,1.441,0.027705,0.10902,False
ruina,issue_4-5,5,668,10,1.441,0.027705,0.10902,False
crisis,issue_6,5,458,14,1.346,0.028098,0.109617,False
psicologico,issue_6,5,458,14,1.346,0.028098,0.109617,False
traduccion,issue_3,6,680,66,-0.83,0.028,0.109617,False
dinero,issue_2,3,482,65,-1.072,0.028055,0.109617,False
montaje,issue_1,8,1188,12,1.296,0.028334,0.110068,False
poema,issue_4-5,14,668,42,0.771,0.028322,0.110068,False
clase,issue_1,3,1188,24,-1.167,0.028828,0.111507,False
dialogo,issue_1,3,1188,24,-1.167,0.028828,0.111507,False
expresion,issue_2,6,482,18,1.18,0.029341,0.113013,False
ingles,issue_2,6,482,18,1.18,0.029341,0.113013,False
analogia,issue_3,5,680,10,1.419,0.029791,0.11331,False
documento,issue_3,5,680,10,1.419,0.029791,0.11331,False
duplicidad,issue_3,5,680,10,1.419,0.029791,0.11331,False
mortal,issue_3,5,680,10,1.419,0.029791,0.11331,False
planta,issue_3,5,680,10,1.419,0.029791,0.11331,False
discurso,issue_3,32,680,114,0.5,0.029792,0.11331,False
moral,issue_6,10,458,39,0.864,0.029897,0.113473,False
oscuridad,issue_3,9,680,23,0.999,0.030072,0.113897,False
universal,issue_1,10,1188,16,1.141,0.030384,0.114604,False
movimiento,issue_4-5,12,668,35,0.814,0.030355,0.114604,False
posesion,issue_4-5,7,668,17,1.106,0.030492,0.114771,False
universo,issue_2,7,482,23,1.046,0.031292,0.117539,False
alma,issue_4-5,8,668,82,-0.75,0.032052,0.120145,False
dictadura,issue_6,4,458,10,1.524,0.032519,0.121395,False
organo,issue_6,4,458,10,1.524,0.032519,0.121395,False
luz,issue_2,10,482,38,0.839,0.033453,0.124625,False
libertad,issue_4-5,3,668,45,-1.072,0.034077,0.12669,False
epoca,issue_2,5,482,14,1.286,0.034321,0.12708,False
luna,issue_2,5,482,14,1.286,0.034321,0.12708,False
libro,issue_4-5,11,668,31,0.867,0.035336,0.130572,False
sangre,issue_1,22,1188,44,0.664,0.036233,0.133614,False
linguistico,issue_4-5,6,668,14,1.173,0.036414,0.133698,False
parodiar,issue_4-5,6,668,14,1.173,0.036414,0.133698,False
clase,issue_3,9,680,24,0.932,0.036546,0.133698,False
narrador,issue_3,13,680,38,0.788,0.03655,0.133698,False
palabra,issue_4-5,33,668,124,0.448,0.036883,0.134644,False
abandono,issue_1,7,1188,10,1.422,0.037715,0.136587,False
aleman,issue_1,7,1188,10,1.422,0.037715,0.136587,False
milagro,issue_1,7,1188,10,1.422,0.037715,0.136587,False
practico,issue_6,7,458,25,0.991,0.037709,0.136587,False
legal,issue_2,6,482,19,1.103,0.038019,0.137141,False
piedra,issue_2,6,482,19,1.103,0.038019,0.137141,False
biblioteca,issue_2,4,482,10,1.464,0.038501,0.138056,False
castellano,issue_2,4,482,10,1.464,0.038501,0.138056,False
paraiso,issue_2,4,482,10,1.464,0.038501,0.138056,False
metafora,issue_2,11,482,42,0.831,0.038603,0.138149,False
negro,issue_4-5,8,668,20,1.057,0.039197,0.139451,False
referencia,issue_4-5,8,668,20,1.057,0.039197,0.139451,False
significado,issue_4-5,8,668,20,1.057,0.039197,0.139451,False
materialidad,issue_3,6,680,14,1.151,0.039442,0.14005,False
mano,issue_1,10,1188,17,0.997,0.040097,0.141823,False
poetico,issue_1,7,1188,39,-0.819,0.040071,0.141823,False
poesia,issue_2,7,482,102,-0.736,0.040474,0.142878,False
agua,issue_3,8,680,20,1.035,0.040737,0.142974,False
economico,issue_3,8,680,20,1.035,0.040737,0.142974,False
maquina,issue_3,8,680,20,1.035,0.040737,0.142974,False
doble,issue_4-5,5,668,11,1.274,0.042933,0.149812,False
temporal,issue_4-5,5,668,11,1.274,0.042933,0.149812,False
teorico,issue_4-5,5,668,11,1.274,0.042933,0.149812,False
memoria,issue_1,3,1188,22,-1.068,0.043214,0.150504,False
oscuridad,issue_1,3,1188,23,-1.119,0.044289,0.153951,False
principio,issue_1,6,1188,34,-0.83,0.045232,0.156931,False
amenaza,issue_6,4,458,11,1.38,0.045914,0.157554,False
barbarie,issue_6,4,458,11,1.38,0.045914,0.157554,False
enunciar,issue_6,4,458,11,1.38,0.045914,0.157554,False
regla,issue_6,4,458,11,1.38,0.045914,0.157554,False
confesion,issue_3,5,680,11,1.251,0.046018,0.157554,False
reflexion,issue_3,5,680,11,1.251,0.046018,0.157554,False
cita,issue_2,5,482,15,1.186,0.045791,0.157554,False
angustiar,issue_2,8,482,28,0.955,0.046739,0.159722,False
estilo,issue_3,16,680,51,0.658,0.047965,0.163274,False
poema,issue_1,8,1188,42,-0.754,0.048048,0.163274,False
funcion,issue_3,3,680,42,-1.02,0.047918,0.163274,False
creencia,issue_1,11,1188,19,0.963,0.048641,0.164981,False
produccion,issue_6,5,458,16,1.154,0.049105,0.166245,False
religioso,issue_1,13,1188,24,0.822,0.050379,0.17024,False
psicoanalisis,issue_4-5,6,668,15,1.062,0.051113,0.171444,False
romanticismo,issue_4-5,6,668,15,1.062,0.051113,0.171444,False
ruido,issue_4-5,6,668,15,1.062,0.051113,0.171444,False
sensacion,issue_4-5,6,668,15,1.062,0.051113,0.171444,False
libre,issue_1,9,1188,15,1.04,0.052338,0.175232,False
logico,issue_2,4,482,11,1.321,0.054048,0.178493,False
objetivo,issue_2,4,482,11,1.321,0.054048,0.178493,False
investigacion,issue_1,7,1188,11,1.17,0.053894,0.178493,False
temor,issue_1,7,1188,11,1.17,0.053894,0.178493,False
tiniebla,issue_1,7,1188,11,1.17,0.053894,0.178493,False
virtud,issue_1,7,1188,11,1.17,0.053894,0.178493,False
critico,issue_4-5,8,668,22,0.908,0.054098,0.178493,False
figura,issue_4-5,10,668,29,0.825,0.05389,0.178493,False
humano,issue_3,19,680,64,0.578,0.05437,0.179067,False
argentino,issue_2,3,482,60,-0.986,0.05632,0.185154,False
mirada,issue_2,10,482,39,0.804,0.056745,0.186213,False
memorio,issue_6,3,458,63,-0.979,0.056982,0.186318,False
realidad,issue_6,3,458,63,-0.979,0.056982,0.186318,False
recordar,issue_2,8,482,30,0.861,0.057704,0.188004,False
sol,issue_2,8,482,30,0.861,0.057704,0.188004,False
estructura,issue_1,4,1188,25,-0.915,0.058173,0.188854,False
servicio,issue_1,4,1188,25,-0.915,0.058173,0.188854,False
frances,issue_1,11,1188,20,0.852,0.058909,0.190563,False
plano,issue_1,11,1188,20,0.852,0.058909,0.190563,False
texto,issue_4-5,22,668,79,0.51,0.059331,0.190908,False
imaginario,issue_1,4,1188,26,-0.961,0.059267,0.190908,False
piel,issue_1,4,1188,26,-0.961,0.059267,0.190908,False
lector,issue_2,10,482,40,0.77,0.060431,0.194104,False
conocimiento,issue_6,8,458,32,0.836,0.06142,0.196934,False
arte,issue_4-5,12,668,38,0.693,0.061579,0.197096,False
comunidad,issue_6,4,458,12,1.255,0.061919,0.197144,False
control,issue_6,4,458,12,1.255,0.061919,0.197144,False
lucha,issue_6,4,458,12,1.255,0.061919,0.197144,False
lenguaje,issue_4-5,25,668,93,0.461,0.062055,0.197231,False
contacto,issue_4-5,5,668,12,1.13,0.062284,0.197269,False
vidrio,issue_4-5,5,668,12,1.13,0.062284,0.197269,False
escrito,issue_4-5,7,668,18,1.015,0.063105,0.198829,False
tierra,issue_1,16,1188,32,0.662,0.062953,0.198829,False
humano,issue_1,29,1188,64,0.479,0.063016,0.198829,False
narracion,issue_1,8,1188,40,-0.693,0.064902,0.204139,False
libro,issue_2,8,482,31,0.818,0.065051,0.204254,False
iron,issue_1,14,1188,27,0.733,0.065591,0.205592,False
especie,issue_3,5,680,12,1.108,0.066551,0.207175,False
heroe,issue_3,5,680,12,1.108,0.066551,0.207175,False
madera,issue_3,5,680,12,1.108,0.066551,0.207175,False
significacion,issue_3,5,680,12,1.108,0.066551,0.207175,False
vida,issue_6,5,458,82,-0.776,0.066828,0.207681,False
politica,issue_4-5,3,668,40,-0.945,0.06756,0.209239,False
pueblo,issue_4-5,3,668,40,-0.945,0.06756,0.209239,False
silencio,issue_1,13,1188,58,-0.569,0.068691,0.212382,False
diario,issue_1,9,1188,16,0.896,0.069157,0.213097,False
sufrimiento,issue_1,9,1188,16,0.896,0.069157,0.213097,False
lugar,issue_4-5,6,668,61,-0.72,0.070018,0.215385,False
razon,issue_6,7,458,26,0.938,0.070996,0.218026,False
locura,issue_2,7,482,25,0.931,0.071659,0.219689,False
cuadro,issue_2,4,482,12,1.195,0.072477,0.221452,False
revista,issue_2,4,482,12,1.195,0.072477,0.221452,False
sonido,issue_4-5,7,668,19,0.931,0.0728,0.221945,False
metafora,issue_4-5,13,668,42,0.663,0.072883,0.221945,False
narrativo,issue_1,5,1188,28,-0.803,0.073433,0.223247,False
realidad,issue_4-5,18,668,63,0.547,0.073882,0.224237,False
mujer,issue_4-5,9,668,26,0.832,0.074395,0.225328,False
estetica,issue_1,5,1188,29,-0.845,0.074614,0.225328,False
miedo,issue_1,5,1188,29,-0.845,0.074614,0.225328,False
error,issue_1,7,1188,36,-0.721,0.076141,0.229559,False
soledad,issue_3,9,680,26,0.81,0.076897,0.231071,False
silencio,issue_6,3,458,58,-0.891,0.076877,0.231071,False
cultura,issue_6,3,458,59,-0.909,0.077742,0.233227,False
efecto,issue_2,7,482,26,0.878,0.078525,0.235187,False
prohibicion,issue_6,4,458,13,1.143,0.080463,0.240594,False
recordar,issue_1,15,1188,30,0.661,0.0811,0.242101,False
objeto,issue_4-5,9,668,27,0.776,0.081701,0.242453,False
letra,issue_4-5,11,668,35,0.687,0.081751,0.242453,False
procedimiento,issue_4-5,11,668,35,0.687,0.081751,0.242453,False
espacio,issue_3,7,680,64,-0.634,0.081579,0.242453,False
memorio,issue_1,15,1188,63,-0.494,0.082787,0.245124,False
metodo,issue_1,4,1188,24,-0.867,0.083879,0.247953,False
imagen,issue_2,11,482,47,0.682,0.084244,0.248628,False
contemporaneo,issue_4-5,5,668,13,1.005,0.085755,0.249445,False
mar,issue_4-5,5,668,13,1.005,0.085755,0.249445,False
marca,issue_4-5,5,668,13,1.005,0.085755,0.249445,False
interior,issue_3,9,680,27,0.754,0.085562,0.249445,False
iron,issue_3,9,680,27,0.754,0.085562,0.249445,False
ficcion,issue_3,16,680,55,0.55,0.085274,0.249445,False
vision,issue_3,16,680,55,0.55,0.085274,0.249445,False
conciencia,issue_3,19,680,67,0.513,0.085221,0.249445,False
sangre,issue_3,4,680,44,-0.792,0.085674,0.249445,False
hecho,issue_4-5,4,668,45,-0.795,0.086341,0.250748,False
hecho,issue_3,4,680,45,-0.817,0.086508,0.250831,False
genero,issue_2,5,482,74,-0.724,0.087318,0.252777,False
progreso,issue_1,8,1188,14,0.928,0.089277,0.257627,False
unico,issue_1,8,1188,14,0.928,0.089277,0.257627,False
sueno,issue_1,16,1188,66,-0.472,0.08977,0.258231,False
texto,issue_6,5,458,79,-0.735,0.089701,0.258231,False
referencia,issue_3,7,680,20,0.831,0.09069,0.260465,False
enunciacion,issue_6,11,458,51,0.637,0.091528,0.262456,False
contenido,issue_2,4,482,13,1.084,0.093659,0.266049,False
liberacion,issue_2,4,482,13,1.084,0.093659,0.266049,False
marca,issue_2,4,482,13,1.084,0.093659,0.266049,False
verosimil,issue_2,4,482,13,1.084,0.093659,0.266049,False
ambiguedad,issue_3,6,680,15,1.039,0.093087,0.266049,False
social,issue_3,19,680,69,0.472,0.093341,0.266049,False
castigo,issue_6,5,458,19,0.921,0.094077,0.266404,False
ciencia,issue_3,3,680,37,-0.883,0.094025,0.266404,False
violencia,issue_2,9,482,38,0.702,0.094469,0.267099,False
castigo,issue_1,10,1188,19,0.76,0.095027,0.26743,False
ideal,issue_1,10,1188,19,0.76,0.095027,0.26743,False
sistema,issue_1,11,1188,49,-0.561,0.09498,0.26743,False
nacional,issue_4-5,3,668,38,-0.889,0.09524,0.267614,False
ano,issue_1,3,1188,20,-0.959,0.095834,0.268453,False
negro,issue_1,3,1188,20,-0.959,0.095834,0.268453,False
cristiano,issue_3,3,680,38,-0.912,0.09638,0.269154,False
violencia,issue_3,3,680,38,-0.912,0.09638,0.269154,False
humano,issue_2,4,482,64,-0.785,0.097444,0.271707,False
poesia,issue_4-5,13,668,102,-0.469,0.09791,0.272587,False
compromiso,issue_6,4,458,14,1.043,0.101409,0.277245,False
practica,issue_6,4,458,14,1.043,0.101409,0.277245,False
alegria,issue_1,6,1188,10,1.026,0.100397,0.277245,False
metamorfosis,issue_1,6,1188,10,1.026,0.100397,0.277245,False
serie,issue_1,6,1188,10,1.026,0.100397,0.277245,False
color,issue_4-5,6,668,16,0.961,0.101565,0.277245,False
comunicacion,issue_4-5,6,668,16,0.961,0.101565,0.277245,False
felicidad,issue_4-5,6,668,16,0.961,0.101565,0.277245,False
filosofico,issue_4-5,6,668,16,0.961,0.101565,0.277245,False
verbal,issue_4-5,6,668,16,0.961,0.101565,0.277245,False
mirada,issue_3,12,680,39,0.633,0.100855,0.277245,False
personaje,issue_4-5,14,668,49,0.549,0.100726,0.277245,False
hombre,issue_6,4,458,68,-0.791,0.099774,0.277245,False
enunciacion,issue_1,23,1188,51,0.47,0.10321,0.281009,False
historia,issue_6,10,458,124,-0.521,0.103408,0.281009,False
interior,issue_1,5,1188,27,-0.759,0.103288,0.281009,False
espiritual,issue_3,6,680,16,0.939,0.104656,0.282292,False
grupo,issue_3,6,680,16,0.939,0.104656,0.282292,False
popular,issue_3,6,680,16,0.939,0.104656,0.282292,False
tecnico,issue_3,6,680,16,0.939,0.104656,0.282292,False
estilo,issue_2,3,482,51,-0.813,0.104564,0.282292,False
disciplina,issue_4-5,4,668,10,1.072,0.107194,0.285328,False
idioma,issue_4-5,4,668,10,1.072,0.107194,0.285328,False
pasaje,issue_4-5,4,668,10,1.072,0.107194,0.285328,False
sensibilidad,issue_4-5,4,668,10,1.072,0.107194,0.285328,False
serie,issue_4-5,4,668,10,1.072,0.107194,0.285328,False
totalidad,issue_4-5,4,668,10,1.072,0.107194,0.285328,False
interes,issue_3,8,680,23,0.819,0.107051,0.285328,False
muerte,issue_4-5,40,668,166,0.312,0.10645,0.285328,False
obra,issue_3,5,680,51,-0.731,0.10678,0.285328,False
limite,issue_6,6,458,23,0.902,0.110206,0.292916,False
relacion,issue_3,15,680,52,0.539,0.110496,0.293259,False
narracion,issue_2,9,482,40,0.635,0.110829,0.293712,False
desear,issue_1,17,1188,36,0.553,0.111912,0.296151,False
dictadura,issue_3,4,680,10,1.049,0.112993,0.296424,False
mesa,issue_3,4,680,10,1.049,0.112993,0.296424,False
paraiso,issue_3,4,680,10,1.049,0.112993,0.296424,False
proyecto,issue_3,4,680,10,1.049,0.112993,0.296424,False
dialogo,issue_4-5,8,668,24,0.778,0.1124,0.296424,False
hecho,issue_1,10,1188,45,-0.57,0.1127,0.296424,False
materno,issue_4-5,6,668,17,0.87,0.116241,0.304504,False
casa,issue_2,4,482,14,0.983,0.117393,0.3062,False
transformacion,issue_2,4,482,14,0.983,0.117393,0.3062,False
caracter,issue_3,4,680,42,-0.741,0.117347,0.3062,False
sentido,issue_2,7,482,87,-0.56,0.118198,0.307533,False
funcion,issue_4-5,4,668,42,-0.719,0.118243,0.307533,False
humanidad,issue_6,6,458,24,0.846,0.118903,0.308809,False
oscuridad,issue_2,6,482,23,0.842,0.119712,0.309582,False
viaje,issue_2,6,482,23,0.842,0.119712,0.309582,False
vida,issue_3,22,680,82,0.435,0.119536,0.309582,False
violencia,issue_1,8,1188,38,-0.629,0.120141,0.310251,False
carne,issue_1,11,1188,22,0.66,0.120551,0.310866,False
literatura,issue_4-5,43,668,181,0.293,0.120738,0.310909,False
musica,issue_1,4,1188,23,-0.816,0.121049,0.311268,False
deseo,issue_1,7,1188,12,0.969,0.122482,0.312742,False
educacion,issue_1,7,1188,12,0.969,0.122482,0.312742,False
maldicion,issue_1,7,1188,12,0.969,0.122482,0.312742,False
odio,issue_1,7,1188,12,0.969,0.122482,0.312742,False
lengua,issue_3,22,680,83,0.419,0.122222,0.312742,False
antiguo,issue_1,9,1188,17,0.771,0.124154,0.316122,False
caballo,issue_1,9,1188,17,0.771,0.124154,0.316122,False
cadena,issue_6,4,458,15,0.951,0.124571,0.3163,False
categoria,issue_6,4,458,15,0.951,0.124571,0.3163,False
trabajo,issue_1,15,1188,31,0.598,0.126262,0.320146,False
cultura,issue_2,4,482,59,-0.697,0.129198,0.327133,False
prueba,issue_2,6,482,24,0.786,0.1315,0.331944,False
crimen,issue_4-5,3,668,35,-0.8,0.1315,0.331944,False
crimen,issue_3,3,680,35,-0.822,0.131646,0.331944,False
derrota,issue_6,3,458,10,1.127,0.134558,0.336952,False
excepcion,issue_6,3,458,10,1.127,0.134558,0.336952,False
imposibilidad,issue_6,3,458,10,1.127,0.134558,0.336952,False
prision,issue_6,3,458,10,1.127,0.134558,0.336952,False
suspension,issue_6,3,458,10,1.127,0.134558,0.336952,False
oscuro,issue_4-5,6,668,18,0.786,0.135183,0.338051,False
memorio,issue_2,13,482,63,0.517,0.137914,0.344405,False
cuento,issue_3,6,680,18,0.764,0.141535,0.351998,False
ingles,issue_3,6,680,18,0.764,0.141535,0.351998,False
ojo,issue_3,6,680,18,0.764,0.141535,0.351998,False
mundo,issue_4-5,24,668,94,0.39,0.142885,0.354386,False
culpa,issue_1,3,1188,19,-0.9,0.142783,0.354386,False
ruido,issue_2,4,482,15,0.892,0.14343,0.355254,False
sistema,issue_2,3,482,49,-0.77,0.143755,0.355574,False
cuestion,issue_1,12,1188,25,0.583,0.145107,0.357944,False
narrador,issue_4-5,11,668,38,0.57,0.14494,0.357944,False
discurso,issue_4-5,28,668,114,0.337,0.146997,0.362115,False
tecnica,issue_1,7,1188,13,0.802,0.149291,0.367267,False
alegria,issue_2,3,482,10,1.067,0.151002,0.367499,False
eleccion,issue_2,3,482,10,1.067,0.151002,0.367499,False
mimetico,issue_2,3,482,10,1.067,0.151002,0.367499,False
numero,issue_2,3,482,10,1.067,0.151002,0.367499,False
sensibilidad,issue_2,3,482,10,1.067,0.151002,0.367499,False
democracia,issue_3,5,680,13,0.982,0.15004,0.367499,False
mito,issue_3,5,680,13,0.982,0.15004,0.367499,False
cientifico,issue_6,4,458,16,0.868,0.149727,0.367499,False
hombre,issue_2,5,482,68,-0.632,0.153859,0.373952,False
poetico,issue_4-5,11,668,39,0.534,0.154223,0.374336,False
economico,issue_1,10,1188,20,0.659,0.156993,0.380269,False
relacion,issue_4-5,14,668,52,0.466,0.157295,0.380269,False
dolor,issue_4-5,8,668,66,-0.502,0.157238,0.380269,False
padre,issue_4-5,7,668,21,0.782,0.158091,0.381179,False
signo,issue_4-5,7,668,21,0.782,0.158091,0.381179,False
juego,issue_4-5,9,668,30,0.625,0.158769,0.382308,False
mujer,issue_2,6,482,26,0.683,0.161114,0.387441,False
complicidad,issue_4-5,5,668,14,0.893,0.163255,0.388478,False
comprension,issue_4-5,5,668,14,0.893,0.163255,0.388478,False
contemplacion,issue_4-5,5,668,14,0.893,0.163255,0.388478,False
intimidad,issue_4-5,5,668,14,0.893,0.163255,0.388478,False
monologo,issue_4-5,5,668,14,0.893,0.163255,0.388478,False
realista,issue_4-5,5,668,14,0.893,0.163255,0.388478,False
transgresion,issue_4-5,5,668,14,0.893,0.163255,0.388478,False
historia,issue_4-5,30,668,124,0.316,0.163237,0.388478,False
ficcion,issue_4-5,15,668,55,0.483,0.165062,0.392264,False
alto,issue_6,3,458,11,1.001,0.1678,0.393626,False
aspecto,issue_6,3,458,11,1.001,0.1678,0.393626,False
cambio,issue_6,3,458,11,1.001,0.1678,0.393626,False
medida,issue_6,3,458,11,1.001,0.1678,0.393626,False
medieval,issue_6,3,458,11,1.001,0.1678,0.393626,False
comprension,issue_3,5,680,14,0.871,0.167353,0.393626,False
contemplacion,issue_3,5,680,14,0.871,0.167353,0.393626,False
rio,issue_3,5,680,14,0.871,0.167353,0.393626,False
sentido,issue_4-5,22,668,87,0.377,0.166837,0.393626,False
analisis,issue_1,6,1188,28,-0.591,0.167624,0.393626,False
material,issue_4-5,7,668,22,0.715,0.168593,0.394468,False
memoria,issue_4-5,7,668,22,0.715,0.168593,0.394468,False
espiritu,issue_1,15,1188,60,-0.429,0.169008,0.394931,False
creacion,issue_2,5,482,19,0.862,0.169808,0.395783,False
descripcion,issue_2,5,482,19,0.862,0.169808,0.395783,False
delirio,issue_1,4,1188,21,-0.707,0.170489,0.396355,False
plenitud,issue_1,4,1188,21,-0.707,0.170489,0.396355,False
material,issue_3,7,680,22,0.692,0.173098,0.401833,False
poema,issue_2,9,482,42,0.573,0.173535,0.401833,False
critico,issue_1,4,1188,22,-0.763,0.173951,0.401833,False
material,issue_1,4,1188,22,-0.763,0.173951,0.401833,False
persona,issue_1,4,1188,22,-0.763,0.173951,0.401833,False
campo,issue_6,7,458,31,0.708,0.174242,0.401995,False
retorico,issue_1,9,1188,39,-0.517,0.174522,0.402131,False
blanco,issue_1,14,1188,30,0.531,0.175533,0.403947,False
tierra,issue_4-5,3,668,32,-0.702,0.181947,0.41818,False
frase,issue_2,5,482,20,0.795,0.182844,0.41971,False
ambiguedad,issue_4-5,5,668,15,0.793,0.184618,0.421652,False
aventura,issue_4-5,5,668,15,0.793,0.184618,0.421652,False
cita,issue_4-5,5,668,15,0.793,0.184618,0.421652,False
espiritu,issue_4-5,7,668,60,-0.538,0.184042,0.421652,False
cadaver,issue_2,3,482,11,0.942,0.18736,0.423131,False
cancion,issue_2,3,482,11,0.942,0.18736,0.423131,False
montana,issue_2,3,482,11,0.942,0.18736,0.423131,False
pacto,issue_2,3,482,11,0.942,0.18736,0.423131,False
siglo,issue_2,3,482,11,0.942,0.18736,0.423131,False
temor,issue_2,3,482,11,0.942,0.18736,0.423131,False
texto,issue_1,21,1188,79,-0.354,0.186398,0.423131,False
libertad,issue_3,5,680,45,-0.59,0.185865,0.423131,False
etico,issue_4-5,5,668,46,-0.593,0.186963,0.423131,False
interpretacion,issue_3,5,680,46,-0.615,0.187914,0.423856,False
pasion,issue_3,10,680,34,0.572,0.188376,0.423931,False
libro,issue_1,7,1188,31,-0.533,0.188647,0.423931,False
valor,issue_1,7,1188,31,-0.533,0.188647,0.423931,False
aventura,issue_3,5,680,15,0.77,0.190589,0.424621,False
categoria,issue_3,5,680,15,0.77,0.190589,0.424621,False
inocencia,issue_3,5,680,15,0.77,0.190589,0.424621,False
negativo,issue_3,5,680,15,0.77,0.190589,0.424621,False
sensacion,issue_3,5,680,15,0.77,0.190589,0.424621,False
acontecimiento,issue_3,7,680,23,0.629,0.189525,0.424621,False
identidad,issue_1,10,1188,42,-0.48,0.190454,0.424621,False
sangre,issue_2,9,482,44,0.514,0.191192,0.425443,False
economia,issue_1,8,1188,16,0.658,0.193402,0.429834,False
tiempo,issue_2,19,482,104,0.359,0.194096,0.430851,False
fuerza,issue_2,3,482,46,-0.703,0.195985,0.434513,False
convencion,issue_2,5,482,21,0.732,0.198648,0.437748,False
padre,issue_2,5,482,21,0.732,0.198648,0.437748,False
persona,issue_6,5,458,22,0.732,0.198306,0.437748,False
sombra,issue_2,5,482,21,0.732,0.198648,0.437748,False
esencia,issue_2,3,482,47,-0.726,0.198368,0.437748,False
prueba,issue_1,5,1188,24,-0.615,0.199007,0.438008,False
escribir,issue_1,6,1188,11,0.825,0.201942,0.438104,False
fantasma,issue_1,6,1188,11,0.825,0.201942,0.438104,False
fidelidad,issue_1,6,1188,11,0.825,0.201942,0.438104,False
gloria,issue_1,6,1188,11,0.825,0.201942,0.438104,False
medieval,issue_1,6,1188,11,0.825,0.201942,0.438104,False
mistico,issue_1,6,1188,11,0.825,0.201942,0.438104,False
montana,issue_1,6,1188,11,0.825,0.201942,0.438104,False
pobreza,issue_1,6,1188,11,0.825,0.201942,0.438104,False
clase,issue_4-5,7,668,24,0.593,0.201374,0.438104,False
risa,issue_4-5,7,668,24,0.593,0.201374,0.438104,False
traicion,issue_4-5,7,668,24,0.593,0.201374,0.438104,False
actividad,issue_1,3,1188,17,-0.77,0.201707,0.438104,False
escritura,issue_2,24,482,135,0.323,0.202536,0.438392,False
posicion,issue_1,5,1188,25,-0.665,0.202557,0.438392,False
comun,issue_1,8,1188,35,-0.524,0.209172,0.45217,False
cientifico,issue_4-5,5,668,16,0.701,0.211021,0.454545,False
materia,issue_4-5,5,668,16,0.701,0.211021,0.454545,False
produccion,issue_4-5,5,668,16,0.701,0.211021,0.454545,False
relacion,issue_6,10,458,52,0.494,0.211668,0.455399,False
presente,issue_1,12,1188,26,0.511,0.215251,0.462015,False
lenguaje,issue_6,8,458,93,-0.435,0.215243,0.462015,False
censura,issue_2,5,482,22,0.673,0.2169,0.464457,False
persona,issue_2,5,482,22,0.673,0.2169,0.464457,False
vacio,issue_1,20,1188,47,0.367,0.219865,0.470253,False
lucha,issue_2,3,482,12,0.83,0.225654,0.480937,False
retorica,issue_2,3,482,12,0.83,0.225654,0.480937,False
ritmo,issue_2,3,482,12,0.83,0.225654,0.480937,False
intelectual,issue_6,10,458,54,0.448,0.22643,0.482025,False
narrador,issue_1,9,1188,38,-0.483,0.227992,0.484784,False
intelectual,issue_3,14,680,54,0.393,0.228553,0.485408,False
relacion,issue_2,4,482,52,-0.56,0.229546,0.486949,False
vista,issue_1,9,1188,19,0.558,0.232448,0.492529,False
natural,issue_6,5,458,24,0.624,0.234222,0.494559,False
traicion,issue_6,5,458,24,0.624,0.234222,0.494559,False
pueblo,issue_6,8,458,40,0.55,0.233937,0.494559,False
creacion,issue_4-5,6,668,19,0.709,0.235935,0.495301,False
ideal,issue_4-5,6,668,19,0.709,0.235935,0.495301,False
malo,issue_4-5,6,668,19,0.709,0.235935,0.495301,False
modelo,issue_4-5,6,668,19,0.709,0.235935,0.495301,False
papel,issue_4-5,6,668,19,0.709,0.235935,0.495301,False
alto,issue_4-5,4,668,11,0.928,0.239162,0.497479,False
barbarie,issue_4-5,4,668,11,0.928,0.239162,0.497479,False
gesto,issue_4-5,4,668,11,0.928,0.239162,0.497479,False
medida,issue_4-5,4,668,11,0.928,0.239162,0.497479,False
pacto,issue_4-5,4,668,11,0.928,0.239162,0.497479,False
frase,issue_1,4,1188,20,-0.648,0.238843,0.497479,False
maquina,issue_1,4,1188,20,-0.648,0.238843,0.497479,False
terror,issue_1,4,1188,20,-0.648,0.238843,0.497479,False
piedra,issue_3,6,680,19,0.687,0.239439,0.497486,False
colectivo,issue_3,4,680,11,0.906,0.242121,0.499067,False
dimension,issue_3,4,680,11,0.906,0.242121,0.499067,False
potencia,issue_3,4,680,11,0.906,0.242121,0.499067,False
principe,issue_3,4,680,11,0.906,0.242121,0.499067,False
sentimiento,issue_3,4,680,11,0.906,0.242121,0.499067,False
figura,issue_1,13,1188,29,0.459,0.240831,0.499067,False
simbolico,issue_1,13,1188,29,0.459,0.240831,0.499067,False
metafora,issue_3,5,680,42,-0.512,0.244746,0.503906,False
accion,issue_3,5,680,43,-0.539,0.245321,0.504518,False
enigma,issue_1,10,1188,21,0.568,0.24745,0.507747,False
realismo,issue_1,10,1188,21,0.568,0.24745,0.507747,False
condicion,issue_1,7,1188,30,-0.491,0.249014,0.509805,False
fantastico,issue_4-5,3,668,30,-0.631,0.248984,0.509805,False
eternidad,issue_4-5,6,668,20,0.637,0.250409,0.51201,False
valor,issue_4-5,3,668,31,-0.667,0.250654,0.51201,False
campo,issue_3,3,680,31,-0.689,0.252193,0.513424,False
libro,issue_3,3,680,31,-0.689,0.252193,0.513424,False
publico,issue_3,3,680,31,-0.689,0.252193,0.513424,False
tiempo,issue_4-5,15,668,104,-0.328,0.254863,0.517699,False
historico,issue_4-5,8,668,62,-0.43,0.254662,0.517699,False
estetico,issue_3,6,680,20,0.615,0.255951,0.518172,False
frase,issue_3,6,680,20,0.615,0.255951,0.518172,False
imaginacion,issue_3,6,680,20,0.615,0.255951,0.518172,False
comunicacion,issue_2,4,482,16,0.808,0.262753,0.524206,False
construccion,issue_2,4,482,16,0.808,0.262753,0.524206,False
espiritual,issue_2,4,482,16,0.808,0.262753,0.524206,False
materia,issue_2,4,482,16,0.808,0.262753,0.524206,False
civilizacion,issue_4-5,4,668,12,0.803,0.261615,0.524206,False
deseo,issue_4-5,4,668,12,0.803,0.261615,0.524206,False
gocir,issue_4-5,4,668,12,0.803,0.261615,0.524206,False
olor,issue_4-5,4,668,12,0.803,0.261615,0.524206,False
significacion,issue_4-5,4,668,12,0.803,0.261615,0.524206,False
casa,issue_1,7,1188,14,0.658,0.259351,0.524206,False
tierra,issue_3,9,680,32,0.513,0.259513,0.524206,False
espacio,issue_4-5,16,668,64,0.364,0.260861,0.524206,False
accion,issue_1,11,1188,43,-0.388,0.260647,0.524206,False
historico,issue_2,5,482,62,-0.53,0.262968,0.524206,False
caracter,issue_2,3,482,42,-0.605,0.263672,0.525033,False
particular,issue_6,4,458,17,0.79,0.266633,0.525776,False
comunidad,issue_3,4,680,12,0.78,0.266648,0.525776,False
fuente,issue_3,4,680,12,0.78,0.266648,0.525776,False
humanismo,issue_3,4,680,12,0.78,0.266648,0.525776,False
liberal,issue_3,4,680,12,0.78,0.266648,0.525776,False
odio,issue_3,4,680,12,0.78,0.266648,0.525776,False
retorica,issue_3,4,680,12,0.78,0.266648,0.525776,False
forma,issue_2,6,482,28,0.589,0.266093,0.525776,False
sociedad,issue_1,24,1188,58,0.318,0.264609,0.525776,False
espejo,issue_1,8,1188,33,-0.448,0.270991,0.533731,False
acontecimiento,issue_1,5,1188,23,-0.561,0.271563,0.533731,False
interes,issue_1,5,1188,23,-0.561,0.271563,0.533731,False
dinero,issue_3,9,680,65,-0.377,0.272587,0.535166,False
libertad,issue_2,9,482,45,0.486,0.273012,0.535422,False
punto,issue_1,15,1188,34,0.43,0.274901,0.538545,False
muerte,issue_1,50,1188,166,-0.19,0.2764,0.540899,False
nostalgia,issue_3,6,680,21,0.548,0.276951,0.541394,False
particular,issue_2,4,482,17,0.731,0.279793,0.546363,False
social,issue_6,12,458,69,0.366,0.281859,0.549807,False
testimonio,issue_6,4,458,18,0.719,0.28309,0.551616,False
camino,issue_4-5,4,668,13,0.691,0.290777,0.552963,False
instancia,issue_4-5,4,668,13,0.691,0.290777,0.552963,False
intencion,issue_4-5,4,668,13,0.691,0.290777,0.552963,False
posibilidad,issue_4-5,4,668,13,0.691,0.290777,0.552963,False
prohibicion,issue_4-5,4,668,13,0.691,0.290777,0.552963,False
sustitucion,issue_4-5,4,668,13,0.691,0.290777,0.552963,False
tragedia,issue_4-5,4,668,13,0.691,0.290777,0.552963,False
verosimil,issue_4-5,4,668,13,0.691,0.290777,0.552963,False
voluntad,issue_1,15,1188,35,0.38,0.285919,0.552963,False
palabra,issue_1,48,1188,124,0.207,0.289498,0.552963,False
mundo,issue_2,9,482,94,-0.382,0.288245,0.552963,False
olvido,issue_4-5,4,668,36,-0.547,0.28785,0.552963,False
arbitrariedad,issue_1,3,1188,15,-0.62,0.289468,0.552963,False
aventura,issue_1,3,1188,15,-0.62,0.289468,0.552963,False
cadena,issue_1,3,1188,15,-0.62,0.289468,0.552963,False
categoria,issue_1,3,1188,15,-0.62,0.289468,0.552963,False
argumentacion,issue_1,3,1188,16,-0.698,0.290536,0.552963,False
comunicacion,issue_1,3,1188,16,-0.698,0.290536,0.552963,False
corrupcion,issue_1,3,1188,16,-0.698,0.290536,0.552963,False
dorado,issue_1,3,1188,16,-0.698,0.290536,0.552963,False
elemento,issue_1,3,1188,16,-0.698,0.290536,0.552963,False
materia,issue_1,3,1188,16,-0.698,0.290536,0.552963,False
rebelion,issue_1,3,1188,16,-0.698,0.290536,0.552963,False
naturaleza,issue_4-5,4,668,37,-0.578,0.29147,0.553701,False
naturaleza,issue_1,16,1188,37,0.395,0.295268,0.559747,False
genero,issue_4-5,18,668,74,0.326,0.295072,0.559747,False
familia,issue_3,7,680,24,0.57,0.297032,0.561334,False
humanidad,issue_3,7,680,24,0.57,0.297032,0.561334,False
representacion,issue_3,7,680,24,0.57,0.297032,0.561334,False
santo,issue_3,4,680,13,0.669,0.297767,0.56214,False
infancia,issue_2,4,482,18,0.659,0.299985,0.563958,False
placer,issue_2,4,482,18,0.659,0.299985,0.563958,False
obra,issue_1,21,1188,51,0.31,0.299774,0.563958,False
muerte,issue_2,18,482,166,-0.27,0.299748,0.563958,False
efecto,issue_1,6,1188,26,-0.497,0.300591,0.563958,False
razon,issue_1,6,1188,26,-0.497,0.300591,0.563958,False
critica,issue_2,4,482,49,-0.495,0.301893,0.565816,False
moderno,issue_1,8,1188,17,0.547,0.306657,0.574154,False
ciudad,issue_1,12,1188,27,0.444,0.308356,0.576147,False
pecado,issue_1,12,1188,27,0.444,0.308356,0.576147,False
mirada,issue_1,10,1188,39,-0.382,0.309989,0.578603,False
ficcion,issue_1,15,1188,55,-0.31,0.317377,0.591787,False
sociedad,issue_3,8,680,58,-0.375,0.318194,0.592701,False
pagina,issue_1,5,1188,10,0.657,0.32467,0.596265,False
protagonista,issue_1,5,1188,10,0.657,0.32467,0.596265,False
revelacion,issue_1,5,1188,10,0.657,0.32467,0.596265,False
ruina,issue_1,5,1188,10,0.657,0.32467,0.596265,False
drama,issue_4-5,4,668,14,0.591,0.325027,0.596265,False
fundamental,issue_4-5,4,668,14,0.591,0.325027,0.596265,False
materialidad,issue_4-5,4,668,14,0.591,0.325027,0.596265,False
metonimia,issue_4-5,4,668,14,0.591,0.325027,0.596265,False
sacrificio,issue_4-5,4,668,14,0.591,0.325027,0.596265,False
zona,issue_4-5,4,668,14,0.591,0.325027,0.596265,False
angustiar,issue_1,12,1188,28,0.381,0.324787,0.596265,False
forma,issue_1,12,1188,28,0.381,0.324787,0.596265,False
genero,issue_1,21,1188,74,-0.262,0.322899,0.596265,False
lengua,issue_4-5,12,668,83,-0.316,0.32364,0.596265,False
poeta,issue_4-5,5,668,42,-0.49,0.322739,0.596265,False
destino,issue_3,11,680,42,0.411,0.325396,0.596341,False
alegoer,issue_1,4,1188,18,-0.518,0.3305,0.605084,False
codigo,issue_1,18,1188,43,0.339,0.331565,0.606066,False
descripcion,issue_1,4,1188,19,-0.585,0.332036,0.606066,False
piedra,issue_1,4,1188,19,-0.585,0.332036,0.606066,False
nacional,issue_6,7,458,38,0.455,0.332657,0.606591,False
vida,issue_2,8,482,82,-0.353,0.333178,0.606931,False
ciudad,issue_4-5,7,668,27,0.433,0.335813,0.611118,False
angustiar,issue_4-5,3,668,28,-0.555,0.338072,0.61316,False
forma,issue_3,3,680,28,-0.577,0.338284,0.61316,False
narrativo,issue_3,3,680,28,-0.577,0.338284,0.61316,False
textual,issue_3,3,680,28,-0.577,0.338284,0.61316,False
lugar,issue_1,17,1188,61,-0.283,0.341441,0.618267,False
voz,issue_4-5,16,668,66,0.323,0.342495,0.619557,False
autor,issue_6,7,458,39,0.423,0.343502,0.620762,False
eternidad,issue_1,9,1188,20,0.467,0.346269,0.623903,False
fisico,issue_1,9,1188,20,0.467,0.346269,0.623903,False
logica,issue_1,9,1188,20,0.467,0.346269,0.623903,False
unidad,issue_4-5,5,668,17,0.618,0.348655,0.626174,False
blanco,issue_4-5,8,668,30,0.466,0.348602,0.626174,False
campo,issue_1,13,1188,31,0.343,0.349252,0.626174,False
cielo,issue_1,13,1188,31,0.343,0.349252,0.626174,False
fuerza,issue_3,6,680,46,-0.422,0.349018,0.626174,False
muerto,issue_1,8,1188,32,-0.407,0.349861,0.626647,False
mano,issue_3,5,680,17,0.595,0.352872,0.62749,False
particular,issue_3,5,680,17,0.595,0.352872,0.62749,False
seduccion,issue_3,5,680,17,0.595,0.352872,0.62749,False
unidad,issue_3,5,680,17,0.595,0.352872,0.62749,False
condicion,issue_3,8,680,30,0.444,0.353026,0.62749,False
historia,issue_2,13,482,124,-0.296,0.353015,0.62749,False
nacional,issue_2,3,482,38,-0.497,0.353049,0.62749,False
moral,issue_2,3,482,39,-0.525,0.353092,0.62749,False
control,issue_1,6,1188,12,0.658,0.35975,0.634976,False
empresa,issue_1,6,1188,12,0.658,0.35975,0.634976,False
filosofo,issue_1,6,1188,12,0.658,0.35975,0.634976,False
gocir,issue_1,6,1188,12,0.658,0.35975,0.634976,False
liberal,issue_1,6,1188,12,0.658,0.35975,0.634976,False
plata,issue_1,6,1188,12,0.658,0.35975,0.634976,False
escritor,issue_2,3,482,41,-0.579,0.359038,0.634976,False
guerra,issue_2,16,482,93,0.286,0.360106,0.634989,False
traduccion,issue_1,26,1188,66,0.236,0.362188,0.637423,False
voz,issue_1,26,1188,66,0.236,0.362188,0.637423,False
belleza,issue_2,5,482,24,0.564,0.36638,0.640894,False
cuento,issue_4-5,5,668,18,0.54,0.36698,0.640894,False
placer,issue_4-5,5,668,18,0.54,0.36698,0.640894,False
trabajo,issue_3,8,680,31,0.4,0.365662,0.640894,False
valor,issue_3,8,680,31,0.4,0.365662,0.640894,False
dolor,issue_2,6,482,66,-0.413,0.366295,0.640894,False
nostalgia,issue_1,5,1188,21,-0.446,0.365223,0.640894,False
padre,issue_1,5,1188,21,-0.446,0.365223,0.640894,False
efecto,issue_6,5,458,26,0.525,0.376505,0.656896,False
estructura,issue_2,5,482,25,0.514,0.379065,0.659464,False
autoridad,issue_4-5,4,668,33,-0.449,0.378792,0.659464,False
autoridad,issue_3,4,680,33,-0.472,0.378524,0.659464,False
oro,issue_1,10,1188,23,0.407,0.379971,0.660408,False
literario,issue_3,31,680,138,0.193,0.381395,0.662251,False
conflicto,issue_1,6,1188,13,0.514,0.38713,0.669013,False
contradiccion,issue_1,6,1188,13,0.514,0.38713,0.669013,False
liberacion,issue_1,6,1188,13,0.514,0.38713,0.669013,False
piedad,issue_1,6,1188,13,0.514,0.38713,0.669013,False
intelectual,issue_1,15,1188,54,-0.285,0.38603,0.669013,False
ideologia,issue_6,5,458,27,0.479,0.389908,0.671783,False
verosimilitud,issue_4-5,5,668,19,0.468,0.389829,0.671783,False
texto,issue_3,12,680,79,-0.28,0.3897,0.671783,False
arte,issue_1,10,1188,38,-0.347,0.39021,0.671783,False
etico,issue_2,4,482,46,-0.426,0.393391,0.676618,False
filosofia,issue_4-5,9,668,36,0.376,0.393933,0.676909,False
vacio,issue_2,4,482,47,-0.449,0.394547,0.677324,False
ilusion,issue_1,6,1188,24,-0.394,0.395091,0.677619,False
contemporaneo,issue_6,3,458,13,0.789,0.398675,0.680556,False
intencion,issue_6,3,458,13,0.789,0.398675,0.680556,False
posibilidad,issue_6,3,458,13,0.789,0.398675,0.680556,False
clasico,issue_3,5,680,19,0.446,0.397892,0.680556,False
sonido,issue_3,5,680,19,0.446,0.397892,0.680556,False
estilo,issue_6,4,458,51,-0.479,0.400707,0.683382,False
interno,issue_1,3,1188,14,-0.537,0.405327,0.688034,False
luna,issue_1,3,1188,14,-0.537,0.405327,0.688034,False
psicologico,issue_1,3,1188,14,-0.537,0.405327,0.688034,False
transformacion,issue_1,3,1188,14,-0.537,0.405327,0.688034,False
version,issue_1,3,1188,14,-0.537,0.405327,0.688034,False
camino,issue_2,3,482,13,0.73,0.408361,0.691247,False
intencion,issue_2,3,482,13,0.73,0.408361,0.691247,False
mar,issue_2,3,482,13,0.73,0.408361,0.691247,False
futuro,issue_6,3,458,14,0.698,0.41544,0.69543,False
duplicidad,issue_4-5,3,668,10,0.675,0.41657,0.69543,False
excepcion,issue_4-5,3,668,10,0.675,0.41657,0.69543,False
intimo,issue_4-5,3,668,10,0.675,0.41657,0.69543,False
menor,issue_4-5,3,668,10,0.675,0.41657,0.69543,False
mesa,issue_4-5,3,668,10,0.675,0.41657,0.69543,False
mimetico,issue_4-5,3,668,10,0.675,0.41657,0.69543,False
protagonista,issue_4-5,3,668,10,0.675,0.41657,0.69543,False
simbolismir,issue_4-5,3,668,10,0.675,0.41657,0.69543,False
suspension,issue_4-5,3,668,10,0.675,0.41657,0.69543,False
topico,issue_4-5,3,668,10,0.675,0.41657,0.69543,False
espectador,issue_1,7,1188,15,0.532,0.413018,0.69543,False
causa,issue_3,6,680,22,0.485,0.415053,0.69543,False
destino,issue_1,17,1188,42,0.282,0.414428,0.69543,False
arte,issue_3,5,680,38,-0.398,0.412268,0.69543,False
castellano,issue_3,3,680,10,0.653,0.421962,0.696737,False
ceremonia,issue_3,3,680,10,0.653,0.421962,0.696737,False
democratico,issue_3,3,680,10,0.653,0.421962,0.696737,False
derrota,issue_3,3,680,10,0.653,0.421962,0.696737,False
mancha,issue_3,3,680,10,0.653,0.421962,0.696737,False
medico,issue_3,3,680,10,0.653,0.421962,0.696737,False
pasaje,issue_3,3,680,10,0.653,0.421962,0.696737,False
psicologia,issue_3,3,680,10,0.653,0.421962,0.696737,False
revelacion,issue_3,3,680,10,0.653,0.421962,0.696737,False
vocacion,issue_3,3,680,10,0.653,0.421962,0.696737,False
acontecimiento,issue_4-5,6,668,23,0.448,0.423867,0.696737,False
oro,issue_4-5,6,668,23,0.448,0.423867,0.696737,False
lector,issue_3,10,680,40,0.351,0.420869,0.696737,False
novela,issue_4-5,21,668,93,0.226,0.422975,0.696737,False
objeto,issue_1,7,1188,27,-0.353,0.421132,0.696737,False
escena,issue_1,7,1188,28,-0.401,0.423667,0.696737,False
textual,issue_1,7,1188,28,-0.401,0.423667,0.696737,False
division,issue_2,3,482,14,0.639,0.428767,0.701939,False
invencion,issue_2,3,482,14,0.639,0.428767,0.701939,False
sacrificio,issue_2,3,482,14,0.639,0.428767,0.701939,False
zona,issue_2,3,482,14,0.639,0.428767,0.701939,False
espanol,issue_3,6,680,23,0.426,0.429349,0.701939,False
musica,issue_3,6,680,23,0.426,0.429349,0.701939,False
fenomeno,issue_6,3,458,15,0.614,0.43548,0.707509,False
perspectiva,issue_6,3,458,15,0.614,0.43548,0.707509,False
filosofico,issue_1,7,1188,16,0.421,0.435231,0.707509,False
opinion,issue_1,7,1188,16,0.421,0.435231,0.707509,False
popular,issue_1,7,1188,16,0.421,0.435231,0.707509,False
romantico,issue_1,7,1188,16,0.421,0.435231,0.707509,False
ausencia,issue_1,12,1188,29,0.321,0.434461,0.707509,False
conocimiento,issue_2,6,482,32,0.424,0.436924,0.709221,False
belleza,issue_4-5,6,668,24,0.392,0.440017,0.7117,False
ilusion,issue_4-5,6,668,24,0.392,0.440017,0.7117,False
representacion,issue_4-5,6,668,24,0.392,0.440017,0.7117,False
poema,issue_3,10,680,42,0.287,0.439808,0.7117,False
sujeto,issue_6,6,458,34,0.41,0.441354,0.713228,False
accion,issue_4-5,6,668,43,-0.321,0.442124,0.713838,False
silencio,issue_2,10,482,58,0.3,0.442975,0.714577,False
estilistico,issue_2,3,482,15,0.555,0.452153,0.716726,False
inocencia,issue_2,3,482,15,0.555,0.452153,0.716726,False
libre,issue_2,3,482,15,0.555,0.452153,0.716726,False
repeticion,issue_2,3,482,15,0.555,0.452153,0.716726,False
costumbre,issue_4-5,3,668,11,0.55,0.451831,0.716726,False
escribir,issue_4-5,3,668,11,0.55,0.451831,0.716726,False
fiesta,issue_4-5,3,668,11,0.55,0.451831,0.716726,False
impotencia,issue_4-5,3,668,11,0.55,0.451831,0.716726,False
logico,issue_4-5,3,668,11,0.55,0.451831,0.716726,False
policial,issue_4-5,3,668,11,0.55,0.451831,0.716726,False
potencia,issue_4-5,3,668,11,0.55,0.451831,0.716726,False
regla,issue_4-5,3,668,11,0.55,0.451831,0.716726,False
sentimiento,issue_4-5,3,668,11,0.55,0.451831,0.716726,False
escrito,issue_1,8,1188,18,0.446,0.454966,0.716726,False
generacion,issue_1,8,1188,18,0.446,0.454966,0.716726,False
placer,issue_1,8,1188,18,0.446,0.454966,0.716726,False
secreto,issue_1,8,1188,18,0.446,0.454966,0.716726,False
voluntad,issue_6,6,458,35,0.375,0.451682,0.716726,False
metodo,issue_3,6,680,24,0.37,0.447339,0.716726,False
locura,issue_4-5,3,668,25,-0.429,0.453358,0.716726,False
personal,issue_4-5,3,668,25,-0.429,0.453358,0.716726,False
posicion,issue_4-5,3,668,25,-0.429,0.453358,0.716726,False
paisaje,issue_1,4,1188,17,-0.446,0.448043,0.716726,False
posesion,issue_1,4,1188,17,-0.446,0.448043,0.716726,False
servicio,issue_3,3,680,25,-0.451,0.452341,0.716726,False
juicio,issue_4-5,3,668,26,-0.473,0.454378,0.716726,False
esperanza,issue_3,3,680,26,-0.495,0.455346,0.716726,False
presente,issue_3,3,680,26,-0.495,0.455346,0.716726,False
barbarie,issue_3,3,680,11,0.528,0.458911,0.716752,False
cadaver,issue_3,3,680,11,0.528,0.458911,0.716752,False
costumbre,issue_3,3,680,11,0.528,0.458911,0.716752,False
fantasma,issue_3,3,680,11,0.528,0.458911,0.716752,False
medida,issue_3,3,680,11,0.528,0.458911,0.716752,False
pobreza,issue_3,3,680,11,0.528,0.458911,0.716752,False
tiniebla,issue_3,3,680,11,0.528,0.458911,0.716752,False
imagen,issue_4-5,11,668,47,0.284,0.456819,0.716752,False
extranjero,issue_6,6,458,63,-0.301,0.457246,0.716752,False
iron,issue_4-5,3,668,27,-0.515,0.459418,0.716929,False
olvido,issue_6,6,458,36,0.342,0.463448,0.722597,False
amor,issue_1,15,1188,52,-0.232,0.46389,0.722667,False
escena,issue_4-5,7,668,28,0.385,0.468091,0.72548,False
pasion,issue_1,14,1188,34,0.312,0.467444,0.72548,False
critica,issue_3,7,680,49,-0.326,0.46753,0.72548,False
comun,issue_2,3,482,35,-0.407,0.467293,0.72548,False
procedimiento,issue_2,3,482,35,-0.407,0.467293,0.72548,False
filosofia,issue_2,3,482,36,-0.438,0.467981,0.72548,False
cristiano,issue_6,3,458,38,-0.437,0.469817,0.726917,False
violencia,issue_6,3,458,38,-0.437,0.469817,0.726917,False
recurso,issue_2,3,482,37,-0.468,0.470635,0.727563,False
amoroso,issue_2,3,482,16,0.478,0.477686,0.729681,False
armonir,issue_2,3,482,16,0.478,0.477686,0.729681,False
color,issue_2,3,482,16,0.478,0.477686,0.729681,False
elemento,issue_2,3,482,16,0.478,0.477686,0.729681,False
enfermedad,issue_2,3,482,16,0.478,0.477686,0.729681,False
familiar,issue_2,3,482,16,0.478,0.477686,0.729681,False
grupo,issue_2,3,482,16,0.478,0.477686,0.729681,False
tecnico,issue_2,3,482,16,0.478,0.477686,0.729681,False
verbal,issue_2,3,482,16,0.478,0.477686,0.729681,False
arte,issue_2,7,482,38,0.395,0.475126,0.729681,False
clasico,issue_1,8,1188,19,0.355,0.473661,0.729681,False
modelo,issue_1,8,1188,19,0.355,0.473661,0.729681,False
papel,issue_1,8,1188,19,0.355,0.473661,0.729681,False
letra,issue_1,14,1188,35,0.264,0.476885,0.729681,False
lectura,issue_3,18,680,80,0.2,0.478025,0.729681,False
conciencia,issue_2,11,482,67,0.238,0.480082,0.732205,False
cosa,issue_6,3,458,17,0.465,0.482344,0.733741,False
seduccion,issue_6,3,458,17,0.465,0.482344,0.733741,False
vida,issue_1,31,1188,82,0.168,0.481595,0.733741,False
estetico,issue_1,5,1188,20,-0.383,0.482703,0.733741,False
nombre,issue_1,15,1188,37,0.286,0.485925,0.738022,False
estetica,issue_3,7,680,29,0.317,0.486615,0.738453,False
compromiso,issue_3,4,680,14,0.568,0.495143,0.74088,False
epoca,issue_3,4,680,14,0.568,0.495143,0.74088,False
gobierno,issue_3,4,680,14,0.568,0.495143,0.74088,False
linguistico,issue_3,4,680,14,0.568,0.495143,0.74088,False
luna,issue_3,4,680,14,0.568,0.495143,0.74088,False
muneca,issue_3,4,680,14,0.568,0.495143,0.74088,False
progreso,issue_3,4,680,14,0.568,0.495143,0.74088,False
psicologico,issue_3,4,680,14,0.568,0.495143,0.74088,False
teatro,issue_3,4,680,14,0.568,0.495143,0.74088,False
transformacion,issue_3,4,680,14,0.568,0.495143,0.74088,False
absoluto,issue_1,9,1188,21,0.383,0.489085,0.74088,False
origen,issue_1,9,1188,21,0.383,0.489085,0.74088,False
noche,issue_2,12,482,72,0.254,0.489664,0.74088,False
palabra,issue_3,21,680,124,-0.164,0.491351,0.74088,False
sentido,issue_3,14,680,87,-0.216,0.493887,0.74088,False
sol,issue_4-5,4,668,30,-0.341,0.494163,0.74088,False
blanco,issue_3,4,680,30,-0.363,0.492814,0.74088,False
muerto,issue_4-5,4,668,32,-0.414,0.497376,0.743609,False
moral,issue_1,11,1188,39,-0.255,0.499486,0.74615,False
aire,issue_4-5,4,668,15,0.499,0.507873,0.753111,False
destruccion,issue_4-5,4,668,15,0.499,0.507873,0.753111,False
espectador,issue_4-5,4,668,15,0.499,0.507873,0.753111,False
original,issue_4-5,4,668,15,0.499,0.507873,0.753111,False
realidad,issue_1,24,1188,63,0.181,0.505253,0.753111,False
cuerpo,issue_2,14,482,122,-0.194,0.505997,0.753111,False
acto,issue_2,4,482,42,-0.325,0.507132,0.753111,False
funcion,issue_2,4,482,42,-0.325,0.507132,0.753111,False
codigo,issue_2,4,482,43,-0.351,0.507219,0.753111,False
dominio,issue_6,4,458,21,0.53,0.510819,0.754,False
nacion,issue_6,4,458,21,0.53,0.510819,0.754,False
estetico,issue_2,4,482,20,0.529,0.509854,0.754,False
fisico,issue_2,4,482,20,0.529,0.509854,0.754,False
aire,issue_3,4,680,15,0.477,0.512206,0.754,False
destruccion,issue_3,4,680,15,0.477,0.512206,0.754,False
romanticismo,issue_3,4,680,15,0.477,0.512206,0.754,False
erotico,issue_1,6,1188,23,-0.338,0.51156,0.754,False
femenino,issue_1,6,1188,23,-0.338,0.51156,0.754,False
lectura,issue_2,13,482,80,0.221,0.513027,0.754598,False
metafora,issue_1,12,1188,42,-0.24,0.514585,0.756278,False
belleza,issue_1,10,1188,24,0.335,0.517533,0.758158,False
familia,issue_1,10,1188,24,0.335,0.517533,0.758158,False
representacion,issue_1,10,1188,24,0.335,0.517533,0.758158,False
traicion,issue_1,10,1188,24,0.335,0.517533,0.758158,False
mental,issue_2,4,482,21,0.47,0.520676,0.760924,False
realismo,issue_2,4,482,21,0.47,0.520676,0.760924,False
signo,issue_2,4,482,21,0.47,0.520676,0.760924,False
central,issue_1,5,1188,11,0.49,0.52621,0.763593,False
fragmentacion,issue_1,5,1188,11,0.49,0.52621,0.763593,False
impotencia,issue_1,5,1188,11,0.49,0.52621,0.763593,False
siglo,issue_1,5,1188,11,0.49,0.52621,0.763593,False
comienzo,issue_4-5,4,668,16,0.415,0.527963,0.763593,False
construccion,issue_4-5,4,668,16,0.415,0.527963,0.763593,False
diario,issue_4-5,4,668,16,0.415,0.527963,0.763593,False
dorado,issue_4-5,4,668,16,0.415,0.527963,0.763593,False
enfermedad,issue_4-5,4,668,16,0.415,0.527963,0.763593,False
memorio,issue_3,10,680,63,-0.219,0.524501,0.763593,False
error,issue_3,5,680,36,-0.336,0.526531,0.763593,False
filosofia,issue_3,5,680,36,-0.336,0.526531,0.763593,False
tortura,issue_3,5,680,36,-0.336,0.526531,0.763593,False
practico,issue_1,10,1188,25,0.268,0.531793,0.768521,False
critico,issue_2,4,482,22,0.414,0.533839,0.769171,False
felicidad,issue_3,4,680,16,0.393,0.533935,0.769171,False
internacional,issue_3,4,680,16,0.393,0.533935,0.769171,False
sufrimiento,issue_3,4,680,16,0.393,0.533935,0.769171,False
juicio,issue_1,7,1188,26,-0.303,0.536072,0.770418,False
soledad,issue_1,7,1188,26,-0.303,0.536072,0.770418,False
territorio,issue_1,7,1188,26,-0.303,0.536072,0.770418,False
retorico,issue_4-5,9,668,39,0.272,0.539951,0.77538,False
simbolo,issue_1,11,1188,27,0.296,0.541719,0.777305,False
personaje,issue_1,19,1188,49,0.211,0.544422,0.780567,False
moral,issue_3,9,680,39,0.249,0.545419,0.780765,False
retorico,issue_3,9,680,39,0.249,0.545419,0.780765,False
narracion,issue_4-5,9,668,40,0.239,0.549032,0.785319,False
circunstancia,issue_4-5,4,668,17,0.338,0.551666,0.787847,False
paisaje,issue_4-5,4,668,17,0.338,0.551666,0.787847,False
pueblo,issue_3,6,680,40,-0.259,0.552393,0.788266,False
especie,issue_1,5,1188,12,0.346,0.557742,0.790931,False
humanismo,issue_1,5,1188,12,0.346,0.557742,0.790931,False
humor,issue_1,5,1188,12,0.346,0.557742,0.790931,False
inteligencia,issue_1,5,1188,12,0.346,0.557742,0.790931,False
revista,issue_1,5,1188,12,0.346,0.557742,0.790931,False
ritmo,issue_1,5,1188,12,0.346,0.557742,0.790931,False
suicidio,issue_1,5,1188,12,0.346,0.557742,0.790931,False
acto,issue_3,6,680,42,-0.316,0.555946,0.790931,False
camino,issue_1,3,1188,13,-0.445,0.561489,0.793152,False
inferior,issue_1,3,1188,13,-0.445,0.561489,0.793152,False
mar,issue_1,3,1188,13,-0.445,0.561489,0.793152,False
verosimil,issue_1,3,1188,13,-0.445,0.561489,0.793152,False
vertigo,issue_1,3,1188,13,-0.445,0.561489,0.793152,False
real,issue_6,4,458,25,0.322,0.562114,0.793419,False
sol,issue_1,12,1188,30,0.265,0.56261,0.793503,False
historia,issue_3,27,680,124,0.153,0.563991,0.794833,False
agua,issue_4-5,5,668,20,0.401,0.566659,0.79674,False
imaginacion,issue_4-5,5,668,20,0.401,0.566659,0.79674,False
maquina,issue_4-5,5,668,20,0.401,0.566659,0.79674,False
enemigo,issue_3,5,680,20,0.379,0.570239,0.799918,False
logica,issue_3,5,680,20,0.379,0.570239,0.799918,False
negro,issue_3,5,680,20,0.379,0.570239,0.799918,False
drama,issue_1,6,1188,14,0.388,0.574199,0.801785,False
pintura,issue_1,6,1188,14,0.388,0.574199,0.801785,False
practica,issue_1,6,1188,14,0.388,0.574199,0.801785,False
teatro,issue_1,6,1188,14,0.388,0.574199,0.801785,False
transgresion,issue_1,6,1188,14,0.388,0.574199,0.801785,False
cine,issue_1,12,1188,31,0.212,0.574215,0.801785,False
interpretacion,issue_4-5,7,668,46,-0.229,0.575879,0.803491,False
esencia,issue_4-5,7,668,47,-0.255,0.576472,0.803701,False
convencion,issue_4-5,5,668,21,0.339,0.579556,0.806146,False
origen,issue_4-5,5,668,21,0.339,0.579556,0.806146,False
sombra,issue_4-5,5,668,21,0.339,0.579556,0.806146,False
general,issue_3,5,680,21,0.316,0.584689,0.810187,False
mental,issue_3,5,680,21,0.316,0.584689,0.810187,False
sombra,issue_3,5,680,21,0.316,0.584689,0.810187,False
sistema,issue_4-5,11,668,49,0.23,0.583284,0.810187,False
relato,issue_3,19,680,87,0.161,0.584444,0.810187,False
ausencia,issue_2,5,482,29,0.334,0.587432,0.812749,False
simbolico,issue_2,5,482,29,0.334,0.587432,0.812749,False
historico,issue_1,19,1188,62,-0.15,0.591796,0.817352,False
crimen,issue_1,10,1188,35,-0.235,0.592108,0.817352,False
movimiento,issue_1,10,1188,35,-0.235,0.592108,0.817352,False
juego,issue_2,5,482,30,0.294,0.597451,0.817544,False
operacion,issue_4-5,5,668,22,0.279,0.595495,0.817544,False
negativo,issue_1,6,1188,15,0.277,0.598377,0.817544,False
original,issue_1,6,1188,15,0.277,0.598377,0.817544,False
perspectiva,issue_1,6,1188,15,0.277,0.598377,0.817544,False
filosofia,issue_1,14,1188,36,0.218,0.597062,0.817544,False
palabra,issue_2,19,482,124,0.142,0.597769,0.817544,False
enunciacion,issue_4-5,8,668,51,-0.201,0.595488,0.817544,False
defensa,issue_3,3,680,22,-0.307,0.599505,0.817544,False
operacion,issue_3,3,680,22,-0.307,0.599505,0.817544,False
persecucion,issue_3,3,680,23,-0.357,0.599892,0.817544,False
universo,issue_3,3,680,23,-0.357,0.599892,0.817544,False
amoroso,issue_1,4,1188,16,-0.368,0.599594,0.817544,False
color,issue_1,4,1188,16,-0.368,0.599594,0.817544,False
espiritual,issue_1,4,1188,16,-0.368,0.599594,0.817544,False
exterior,issue_1,4,1188,16,-0.368,0.599594,0.817544,False
tecnico,issue_1,4,1188,16,-0.368,0.599594,0.817544,False
belleza,issue_3,3,680,24,-0.405,0.604032,0.820725,False
religioso,issue_3,3,680,24,-0.405,0.604032,0.820725,False
risa,issue_3,3,680,24,-0.405,0.604032,0.820725,False
verbo,issue_3,3,680,24,-0.405,0.604032,0.820725,False
practico,issue_4-5,6,668,25,0.339,0.608494,0.825834,False
materno,issue_1,7,1188,17,0.32,0.610063,0.825834,False
oposicion,issue_1,7,1188,17,0.32,0.610063,0.825834,False
unidad,issue_1,7,1188,17,0.32,0.610063,0.825834,False
experiencia,issue_2,5,482,31,0.255,0.608791,0.825834,False
locura,issue_3,6,680,25,0.317,0.611499,0.826548,False
autor,issue_1,15,1188,39,0.2,0.6115,0.826548,False
espejo,issue_2,3,482,33,-0.343,0.612663,0.827504,False
razon,issue_4-5,6,668,26,0.289,0.617368,0.832623,False
soledad,issue_4-5,6,668,26,0.289,0.617368,0.832623,False
voluntad,issue_2,6,482,35,0.316,0.620083,0.835664,False
efecto,issue_3,6,680,26,0.266,0.621841,0.837413,False
desear,issue_2,6,482,36,0.282,0.625966,0.842343,False
interior,issue_4-5,6,668,27,0.241,0.628766,0.842977,False
pecado,issue_4-5,6,668,27,0.241,0.628766,0.842977,False
jardin,issue_1,5,1188,18,-0.244,0.62919,0.842977,False
ojo,issue_1,5,1188,18,-0.244,0.62919,0.842977,False
creacion,issue_1,5,1188,19,-0.316,0.629219,0.842977,False
sonido,issue_1,5,1188,19,-0.316,0.629219,0.842977,False
naturaleza,issue_2,6,482,37,0.249,0.633105,0.845816,False
retorico,issue_6,6,458,39,0.247,0.634523,0.845816,False
existencia,issue_3,6,680,27,0.218,0.634595,0.845816,False
ideologia,issue_3,6,680,27,0.218,0.634595,0.845816,False
objeto,issue_3,6,680,27,0.218,0.634595,0.845816,False
angustiar,issue_3,4,680,28,-0.284,0.634524,0.845816,False
desierto,issue_3,4,680,28,-0.284,0.634524,0.845816,False
cuerpo,issue_3,26,680,122,0.125,0.641933,0.854345,False
etico,issue_1,14,1188,46,-0.154,0.64189,0.854345,False
autor,issue_2,4,482,39,-0.243,0.645338,0.85762,False
poetico,issue_2,4,482,39,-0.243,0.645338,0.85762,False
poeta,issue_2,7,482,42,0.274,0.651066,0.863405,False
animal,issue_1,6,1188,21,-0.215,0.652541,0.863405,False
dominio,issue_1,6,1188,21,-0.215,0.652541,0.863405,False
ideologico,issue_1,6,1188,21,-0.215,0.652541,0.863405,False
rostro,issue_1,6,1188,21,-0.215,0.652541,0.863405,False
sombra,issue_1,6,1188,21,-0.215,0.652541,0.863405,False
censura,issue_1,6,1188,22,-0.278,0.653109,0.863529,False
pensamiento,issue_1,20,1188,54,0.137,0.665912,0.879817,False
letra,issue_3,8,680,35,0.241,0.667467,0.881231,False
error,issue_4-5,8,668,36,0.228,0.670026,0.883967,False
critica,issue_6,5,458,49,-0.21,0.672775,0.88695,False
cultura,issue_1,22,1188,59,0.147,0.678123,0.893354,False
mirada,issue_4-5,6,668,39,-0.207,0.683959,0.899737,False
moral,issue_4-5,6,668,39,-0.207,0.683959,0.899737,False
autor,issue_3,6,680,39,-0.229,0.684486,0.899779,False
amor,issue_2,8,482,52,0.172,0.687746,0.903412,False
existencia,issue_1,8,1188,27,-0.177,0.688467,0.903707,False
desierto,issue_1,8,1188,28,-0.227,0.689661,0.90462,False
intelectual,issue_2,6,482,54,-0.188,0.692786,0.908064,False
caracter,issue_4-5,9,668,42,0.177,0.694464,0.908953,False
destino,issue_4-5,9,668,42,0.177,0.694464,0.908953,False
juego,issue_1,9,1188,30,-0.163,0.702703,0.919075,False
filosofo,issue_4-5,3,668,12,0.438,0.7111,0.920212,False
fuente,issue_4-5,3,668,12,0.438,0.7111,0.920212,False
heroe,issue_4-5,3,668,12,0.438,0.7111,0.920212,False
maldicion,issue_4-5,3,668,12,0.438,0.7111,0.920212,False
pensar,issue_4-5,3,668,12,0.438,0.7111,0.920212,False
plata,issue_4-5,3,668,12,0.438,0.7111,0.920212,False
sexual,issue_4-5,3,668,12,0.438,0.7111,0.920212,False
cuadro,issue_3,3,680,12,0.416,0.71319,0.920212,False
empresa,issue_3,3,680,12,0.416,0.71319,0.920212,False
filosofo,issue_3,3,680,12,0.416,0.71319,0.920212,False
plata,issue_3,3,680,12,0.416,0.71319,0.920212,False
suicidio,issue_3,3,680,12,0.416,0.71319,0.920212,False
vidrio,issue_3,3,680,12,0.416,0.71319,0.920212,False
violacion,issue_3,3,680,12,0.416,0.71319,0.920212,False
conocimiento,issue_1,12,1188,32,0.162,0.709973,0.920212,False
historico,issue_6,9,458,62,0.158,0.705523,0.920212,False
humano,issue_6,7,458,64,-0.156,0.71107,0.920212,False
lugar,issue_2,7,482,61,-0.161,0.710109,0.920212,False
realidad,issue_2,7,482,63,-0.198,0.711961,0.920212,False
espacio,issue_2,10,482,64,0.181,0.713923,0.920505,False
sistema,issue_3,8,680,49,-0.175,0.716928,0.92307,False
sujeto,issue_1,10,1188,34,-0.194,0.716662,0.92307,False
cultural,issue_4-5,8,668,50,-0.177,0.71763,0.92332,False
posesion,issue_2,3,482,17,0.406,0.7208,0.924258,False
secreto,issue_6,3,458,18,0.398,0.722415,0.924258,False
decision,issue_2,3,482,18,0.339,0.729487,0.924258,False
ojo,issue_2,3,482,18,0.339,0.729487,0.924258,False
conflicto,issue_4-5,3,668,13,0.338,0.724217,0.924258,False
contradiccion,issue_4-5,3,668,13,0.338,0.724217,0.924258,False
medio,issue_4-5,3,668,13,0.338,0.724217,0.924258,False
mito,issue_4-5,3,668,13,0.338,0.724217,0.924258,False
piedad,issue_4-5,3,668,13,0.338,0.724217,0.924258,False
presencia,issue_4-5,3,668,13,0.338,0.724217,0.924258,False
vista,issue_6,3,458,19,0.335,0.730669,0.924258,False
actividad,issue_3,4,680,17,0.316,0.757817,0.924258,False
antiguo,issue_3,4,680,17,0.316,0.757817,0.924258,False
camino,issue_3,3,680,13,0.316,0.727386,0.924258,False
desesperacion,issue_3,3,680,13,0.316,0.727386,0.924258,False
moderno,issue_3,4,680,17,0.316,0.757817,0.924258,False
oposicion,issue_3,4,680,17,0.316,0.757817,0.924258,False
piedad,issue_3,3,680,13,0.316,0.727386,0.924258,False
presencia,issue_3,3,680,13,0.316,0.727386,0.924258,False
pros,issue_3,4,680,17,0.316,0.757817,0.924258,False
retrato,issue_3,3,680,13,0.316,0.727386,0.924258,False
clase,issue_2,4,482,24,0.311,0.764469,0.924258,False
eterno,issue_1,4,1188,10,0.288,0.743218,0.924258,False
mortal,issue_1,4,1188,10,0.288,0.743218,0.924258,False
numero,issue_1,4,1188,10,0.288,0.743218,0.924258,False
organo,issue_1,4,1188,10,0.288,0.743218,0.924258,False
prision,issue_1,4,1188,10,0.288,0.743218,0.924258,False
crepusculo,issue_2,3,482,19,0.276,0.739629,0.924258,False
verso,issue_2,3,482,19,0.276,0.739629,0.924258,False
ojo,issue_4-5,4,668,18,0.266,0.763698,0.924258,False
posicion,issue_2,4,482,25,0.263,0.76949,0.924258,False
carne,issue_3,5,680,22,0.257,0.786483,0.924258,False
censura,issue_3,5,680,22,0.257,0.786483,0.924258,False
critico,issue_3,5,680,22,0.257,0.786483,0.924258,False
concreto,issue_4-5,3,668,14,0.246,0.740131,0.924258,False
crisis,issue_4-5,3,668,14,0.246,0.740131,0.924258,False
invencion,issue_4-5,3,668,14,0.246,0.740131,0.924258,False
practica,issue_4-5,3,668,14,0.246,0.740131,0.924258,False
rio,issue_4-5,3,668,14,0.246,0.740131,0.924258,False
teatro,issue_4-5,3,668,14,0.246,0.740131,0.924258,False
unico,issue_4-5,3,668,14,0.246,0.740131,0.924258,False
voracidad,issue_4-5,3,668,14,0.246,0.740131,0.924258,False
decision,issue_3,4,680,18,0.244,0.766261,0.924258,False
testimonio,issue_3,4,680,18,0.244,0.766261,0.924258,False
pecado,issue_6,4,458,27,0.233,0.773991,0.924258,False
complicidad,issue_3,3,680,14,0.224,0.744219,0.924258,False
interno,issue_3,3,680,14,0.224,0.744219,0.924258,False
intimidad,issue_3,3,680,14,0.224,0.744219,0.924258,False
metonimia,issue_3,3,680,14,0.224,0.744219,0.924258,False
unico,issue_3,3,680,14,0.224,0.744219,0.924258,False
version,issue_3,3,680,14,0.224,0.744219,0.924258,False
continuidad,issue_1,5,1188,13,0.221,0.773348,0.924258,False
identificacion,issue_1,5,1188,13,0.221,0.773348,0.924258,False
disposicion,issue_2,3,482,20,0.217,0.750868,0.924258,False
frances,issue_2,3,482,20,0.217,0.750868,0.924258,False
negro,issue_2,3,482,20,0.217,0.750868,0.924258,False
plano,issue_2,3,482,20,0.217,0.750868,0.924258,False
presente,issue_2,4,482,26,0.217,0.775592,0.924258,False
referencia,issue_2,3,482,20,0.217,0.750868,0.924258,False
soledad,issue_2,4,482,26,0.217,0.775592,0.924258,False
clasico,issue_4-5,4,668,19,0.199,0.773354,0.924258,False
descripcion,issue_4-5,4,668,19,0.199,0.773354,0.924258,False
proceso,issue_4-5,4,668,19,0.199,0.773354,0.924258,False
creencia,issue_3,4,680,19,0.177,0.776776,0.924258,False
descripcion,issue_3,4,680,19,0.177,0.776776,0.924258,False
malo,issue_3,4,680,19,0.177,0.776776,0.924258,False
papel,issue_3,4,680,19,0.177,0.776776,0.924258,False
verosimilitud,issue_3,4,680,19,0.177,0.776776,0.924258,False
ciencia,issue_1,14,1188,37,0.174,0.727765,0.924258,False
interior,issue_2,4,482,27,0.173,0.782593,0.924258,False
sueno,issue_2,10,482,66,0.145,0.719745,0.924258,False
fuerza,issue_1,17,1188,46,0.135,0.754595,0.924258,False
voz,issue_3,14,680,66,0.129,0.753846,0.924258,False
noche,issue_4-5,15,668,72,0.127,0.762117,0.924258,False
escritor,issue_1,15,1188,41,0.12,0.742479,0.924258,False
imagen,issue_1,17,1188,47,0.101,0.758933,0.924258,False
historia,issue_1,44,1188,124,0.065,0.772721,0.924258,False
lenguaje,issue_1,30,1188,93,-0.08,0.740471,0.924258,False
mundo,issue_1,30,1188,94,-0.097,0.74098,0.924258,False
alma,issue_1,26,1188,82,-0.105,0.723986,0.924258,False
realidad,issue_3,11,680,63,-0.108,0.750782,0.924258,False
lengua,issue_2,10,482,83,-0.124,0.748434,0.924258,False
intelectual,issue_4-5,9,668,54,-0.134,0.72986,0.924258,False
pensamiento,issue_4-5,9,668,54,-0.134,0.72986,0.924258,False
pensamiento,issue_3,9,680,54,-0.156,0.729767,0.924258,False
distancia,issue_4-5,3,668,20,-0.176,0.782008,0.924258,False
logica,issue_4-5,3,668,20,-0.176,0.782008,0.924258,False
terror,issue_4-5,3,668,20,-0.176,0.782008,0.924258,False
complicidad,issue_1,4,1188,14,-0.193,0.783022,0.924258,False
declaracion,issue_1,4,1188,14,-0.193,0.783022,0.924258,False
epoca,issue_1,4,1188,14,-0.193,0.783022,0.924258,False
linguistico,issue_1,4,1188,14,-0.193,0.783022,0.924258,False
materialidad,issue_1,4,1188,14,-0.193,0.783022,0.924258,False
resistencia,issue_1,4,1188,14,-0.193,0.783022,0.924258,False
zona,issue_1,4,1188,14,-0.193,0.783022,0.924258,False
disposicion,issue_3,3,680,20,-0.198,0.781425,0.924258,False
distancia,issue_3,3,680,20,-0.198,0.781425,0.924258,False
eternidad,issue_3,3,680,20,-0.198,0.781425,0.924258,False
linea,issue_3,3,680,20,-0.198,0.781425,0.924258,False
significado,issue_3,3,680,20,-0.198,0.781425,0.924258,False
absoluto,issue_4-5,3,668,21,-0.232,0.782454,0.924258,False
nostalgia,issue_4-5,3,668,21,-0.232,0.782454,0.924258,False
oficial,issue_4-5,3,668,21,-0.232,0.782454,0.924258,False
amenaza,issue_1,3,1188,11,-0.233,0.758572,0.924258,False
cadaver,issue_1,3,1188,11,-0.233,0.758572,0.924258,False
cambio,issue_1,3,1188,11,-0.233,0.758572,0.924258,False
colectivo,issue_1,3,1188,11,-0.233,0.758572,0.924258,False
confesion,issue_1,3,1188,11,-0.233,0.758572,0.924258,False
discontinuidad,issue_1,3,1188,11,-0.233,0.758572,0.924258,False
enunciar,issue_1,3,1188,11,-0.233,0.758572,0.924258,False
pacto,issue_1,3,1188,11,-0.233,0.758572,0.924258,False
regla,issue_1,3,1188,11,-0.233,0.758572,0.924258,False
sentimiento,issue_1,3,1188,11,-0.233,0.758572,0.924258,False
ventana,issue_1,3,1188,11,-0.233,0.758572,0.924258,False
oficial,issue_3,3,680,21,-0.254,0.782809,0.924258,False
realismo,issue_3,3,680,21,-0.254,0.782809,0.924258,False
ambiguedad,issue_1,4,1188,15,-0.285,0.785748,0.924258,False
cabeza,issue_1,4,1188,15,-0.285,0.785748,0.924258,False
causa,issue_4-5,3,668,22,-0.285,0.78521,0.924258,False
fragmento,issue_1,4,1188,15,-0.285,0.785748,0.924258,False
inocencia,issue_1,4,1188,15,-0.285,0.785748,0.924258,False
misterio,issue_4-5,3,668,22,-0.285,0.78521,0.924258,False
necesidad,issue_1,4,1188,15,-0.285,0.785748,0.924258,False
psicoanalisis,issue_1,4,1188,15,-0.285,0.785748,0.924258,False
contacto,issue_1,3,1188,12,-0.345,0.761603,0.924258,False
cuadro,issue_1,3,1188,12,-0.345,0.761603,0.924258,False
decadencia,issue_1,3,1188,12,-0.345,0.761603,0.924258,False
diferencia,issue_1,3,1188,12,-0.345,0.761603,0.924258,False
dignidad,issue_1,3,1188,12,-0.345,0.761603,0.924258,False
espectaculo,issue_1,3,1188,12,-0.345,0.761603,0.924258,False
fuente,issue_1,3,1188,12,-0.345,0.761603,0.924258,False
sexual,issue_1,3,1188,12,-0.345,0.761603,0.924258,False
subversion,issue_1,3,1188,12,-0.345,0.761603,0.924258,False
tormento,issue_1,3,1188,12,-0.345,0.761603,0.924258,False
limite,issue_4-5,5,668,23,0.223,0.789976,0.925967,False
oscuridad,issue_4-5,5,668,23,0.223,0.789976,0.925967,False
universo,issue_4-5,5,668,23,0.223,0.789976,0.925967,False
ensayo,issue_2,3,482,29,-0.201,0.788816,0.925967,False
oro,issue_3,5,680,23,0.201,0.792118,0.927073,False
raza,issue_3,5,680,23,0.201,0.792118,0.927073,False
publico,issue_2,3,482,31,-0.275,0.792449,0.927073,False
produccion,issue_1,6,1188,16,0.176,0.794882,0.929322,False
punto,issue_6,5,458,34,0.206,0.797497,0.931181,False
hombre,issue_1,22,1188,68,-0.072,0.797465,0.931181,False
natural,issue_3,5,680,24,0.148,0.799379,0.93278,False
expresion,issue_1,7,1188,18,0.229,0.803793,0.932985,False
testimonio,issue_1,7,1188,18,0.229,0.803793,0.932985,False
procedimiento,issue_6,5,458,35,0.173,0.801524,0.932985,False
estructura,issue_3,4,680,25,-0.152,0.803563,0.932985,False
media,issue_3,4,680,25,-0.152,0.803563,0.932985,False
real,issue_3,4,680,25,-0.152,0.803563,0.932985,False
cosa,issue_1,5,1188,17,-0.167,0.801294,0.932985,False
pros,issue_1,5,1188,17,-0.167,0.801294,0.932985,False
esperanza,issue_4-5,4,668,26,-0.176,0.804173,0.932985,False
filosofia,issue_6,5,458,36,0.14,0.806174,0.93471,False
ciudad,issue_3,4,680,27,-0.242,0.806876,0.934927,False
forma,issue_4-5,6,668,28,0.195,0.809081,0.935234,False
malo,issue_1,7,1188,19,0.145,0.811257,0.935234,False
verosimilitud,issue_1,7,1188,19,0.145,0.811257,0.935234,False
movimiento,issue_2,5,482,35,0.113,0.810028,0.935234,False
literatura,issue_1,60,1188,181,-0.045,0.809445,0.935234,False
naturaleza,issue_6,4,458,37,-0.125,0.810704,0.935234,False
tortura,issue_2,4,482,36,-0.154,0.809995,0.935234,False
arte,issue_6,4,458,38,-0.155,0.810736,0.935234,False
ausencia,issue_4-5,6,668,29,0.151,0.813665,0.93623,False
miedo,issue_4-5,6,668,29,0.151,0.813665,0.93623,False
simbolico,issue_4-5,6,668,29,0.151,0.813665,0.93623,False
retorico,issue_2,6,482,39,0.187,0.814591,0.936697,False
agua,issue_1,6,1188,20,-0.148,0.815617,0.936697,False
enemigo,issue_1,6,1188,20,-0.148,0.815617,0.936697,False
ausencia,issue_3,6,680,29,0.129,0.816241,0.936822,False
recordar,issue_3,5,680,30,-0.122,0.820079,0.940634,False
conocimiento,issue_4-5,5,668,32,-0.176,0.821511,0.941681,False
operacion,issue_1,8,1188,22,0.122,0.82425,0.944226,False
espejo,issue_3,7,680,33,0.152,0.825349,0.944889,False
espanol,issue_1,7,1188,23,-0.134,0.827233,0.945856,False
limite,issue_1,7,1188,23,-0.134,0.827233,0.945856,False
humanidad,issue_1,9,1188,24,0.167,0.82941,0.947187,False
punto,issue_3,7,680,34,0.115,0.82944,0.947187,False
hijo,issue_4-5,7,668,35,0.101,0.831521,0.948968,False
cultural,issue_6,7,458,50,0.128,0.833003,0.949314,False
comun,issue_3,6,680,35,-0.101,0.833007,0.949314,False
nombre,issue_4-5,6,668,37,-0.145,0.833914,0.949314,False
teoria,issue_4-5,6,668,37,-0.145,0.833914,0.949314,False
real,issue_1,9,1188,25,0.104,0.834887,0.949827,False
luz,issue_4-5,8,668,38,0.159,0.835542,0.949978,False
enunciacion,issue_2,6,482,51,-0.123,0.838515,0.952167,False
obra,issue_2,6,482,51,-0.123,0.838515,0.952167,False
escritor,issue_3,7,680,41,-0.115,0.84357,0.95731,False
vision,issue_2,8,482,55,0.106,0.844266,0.957502,False
experiencia,issue_1,11,1188,31,0.078,0.851415,0.964406,False
publico,issue_1,11,1188,31,0.078,0.851415,0.964406,False
imagen,issue_3,8,680,47,-0.125,0.852931,0.965523,False
personaje,issue_3,10,680,49,0.089,0.856565,0.969032,False
tradicion,issue_4-5,9,668,52,-0.088,0.859791,0.971179,False
amor,issue_3,9,680,52,-0.11,0.860065,0.971179,False
tradicion,issue_3,9,680,52,-0.11,0.860065,0.971179,False
lector,issue_1,13,1188,40,-0.057,0.868712,0.980334,False
funcion,issue_1,15,1188,42,0.083,0.870416,0.981648,False
interpretacion,issue_1,15,1188,46,-0.055,0.8769,0.987123,False
sueno,issue_3,12,680,66,-0.061,0.876214,0.987123,False
hombre,issue_4-5,12,668,68,-0.075,0.876611,0.987123,False
lenguaje,issue_2,12,482,93,-0.052,0.879912,0.989901,False
vida,issue_4-5,16,668,82,0.042,0.888045,0.998433,False
operacion,issue_6,3,458,22,0.167,1.0,1.0,False
categoria,issue_4-5,3,668,15,0.163,1.0,1.0,False
perspectiva,issue_4-5,3,668,15,0.163,1.0,1.0,False
origen,issue_2,3,482,21,0.161,1.0,1.0,False
aspecto,issue_1,4,1188,11,0.145,1.0,1.0,False
fracaso,issue_1,4,1188,11,0.145,1.0,1.0,False
gesto,issue_1,4,1188,11,0.145,1.0,1.0,False
modernismo,issue_1,4,1188,11,0.145,1.0,1.0,False
principe,issue_1,4,1188,11,0.145,1.0,1.0,False
reflexion,issue_1,4,1188,11,0.145,1.0,1.0,False
temporal,issue_1,4,1188,11,0.145,1.0,1.0,False
cabeza,issue_3,3,680,15,0.14,1.0,1.0,False
cita,issue_3,3,680,15,0.14,1.0,1.0,False
copia,issue_3,3,680,15,0.14,1.0,1.0,False
estilistico,issue_3,3,680,15,0.14,1.0,1.0,False
original,issue_3,3,680,15,0.14,1.0,1.0,False
psicoanalisis,issue_3,3,680,15,0.14,1.0,1.0,False
ruido,issue_3,3,680,15,0.14,1.0,1.0,False
estetico,issue_4-5,4,668,20,0.136,1.0,1.0,False
fisico,issue_4-5,4,668,20,0.136,1.0,1.0,False
frase,issue_4-5,4,668,20,0.136,1.0,1.0,False
textual,issue_2,4,482,28,0.131,1.0,1.0,False
real,issue_4-5,5,668,25,0.12,1.0,1.0,False
acontecimiento,issue_6,3,458,23,0.117,1.0,1.0,False
frances,issue_3,4,680,20,0.114,1.0,1.0,False
compromiso,issue_1,5,1188,14,0.109,1.0,1.0,False
crisis,issue_1,5,1188,14,0.109,1.0,1.0,False
doctrina,issue_1,5,1188,14,0.109,1.0,1.0,False
futuro,issue_1,5,1188,14,0.109,1.0,1.0,False
honor,issue_1,5,1188,14,0.109,1.0,1.0,False
invencion,issue_1,5,1188,14,0.109,1.0,1.0,False
matrimonio,issue_1,5,1188,14,0.109,1.0,1.0,False
metonimia,issue_1,5,1188,14,0.109,1.0,1.0,False
parodiar,issue_1,5,1188,14,0.109,1.0,1.0,False
realista,issue_1,5,1188,14,0.109,1.0,1.0,False
rio,issue_1,5,1188,14,0.109,1.0,1.0,False
sacrificio,issue_1,5,1188,14,0.109,1.0,1.0,False
carta,issue_2,3,482,22,0.108,1.0,1.0,False
ciencia,issue_6,5,458,37,0.108,1.0,1.0,False
defensa,issue_2,3,482,22,0.108,1.0,1.0,False
operacion,issue_2,3,482,22,0.108,1.0,1.0,False
personal,issue_3,5,680,25,0.098,1.0,1.0,False
fantastico,issue_3,6,680,30,0.087,1.0,1.0,False
juego,issue_3,6,680,30,0.087,1.0,1.0,False
sol,issue_3,6,680,30,0.087,1.0,1.0,False
conducta,issue_1,6,1188,17,0.085,1.0,1.0,False
economia,issue_4-5,3,668,16,0.085,1.0,1.0,False
hermano,issue_1,6,1188,17,0.085,1.0,1.0,False
seduccion,issue_1,6,1188,17,0.085,1.0,1.0,False
justicia,issue_3,7,680,35,0.079,1.0,1.0,False
movimiento,issue_3,7,680,35,0.079,1.0,1.0,False
enigma,issue_4-5,4,668,21,0.077,1.0,1.0,False
ideologico,issue_4-5,4,668,21,0.077,1.0,1.0,False
presente,issue_4-5,5,668,26,0.072,1.0,1.0,False
campo,issue_4-5,6,668,31,0.069,1.0,1.0,False
trabajo,issue_4-5,6,668,31,0.069,1.0,1.0,False
distancia,issue_1,7,1188,20,0.068,1.0,1.0,False
imaginacion,issue_1,7,1188,20,0.068,1.0,1.0,False
significado,issue_1,7,1188,20,0.068,1.0,1.0,False
color,issue_3,3,680,16,0.063,1.0,1.0,False
universal,issue_3,3,680,16,0.063,1.0,1.0,False
musica,issue_2,3,482,23,0.057,1.0,1.0,False
pais,issue_2,3,482,23,0.057,1.0,1.0,False
enigma,issue_3,4,680,21,0.055,1.0,1.0,False
nacion,issue_3,4,680,21,0.055,1.0,1.0,False
origen,issue_3,4,680,21,0.055,1.0,1.0,False
padre,issue_3,4,680,21,0.055,1.0,1.0,False
universo,issue_1,8,1188,23,0.055,1.0,1.0,False
blanco,issue_2,4,482,30,0.052,1.0,1.0,False
imaginario,issue_3,5,680,26,0.05,1.0,1.0,False
piel,issue_3,5,680,26,0.05,1.0,1.0,False
razon,issue_3,5,680,26,0.05,1.0,1.0,False
teoria,issue_2,5,482,37,0.049,1.0,1.0,False
mujer,issue_1,9,1188,26,0.044,1.0,1.0,False
conciencia,issue_4-5,13,668,67,0.04,1.0,1.0,False
etico,issue_3,9,680,46,0.04,1.0,1.0,False
novela,issue_2,13,482,93,0.04,1.0,1.0,False
social,issue_1,24,1188,69,0.037,0.898679,1.0,False
acto,issue_4-5,8,668,42,0.034,1.0,1.0,False
tradicion,issue_1,18,1188,52,0.032,1.0,1.0,False
ideologia,issue_4-5,5,668,27,0.026,1.0,1.0,False
voz,issue_2,9,482,66,0.025,1.0,1.0,False
justicia,issue_1,12,1188,35,0.024,1.0,1.0,False
posicion,issue_6,3,458,25,0.023,1.0,1.0,False
carne,issue_4-5,4,668,22,0.021,1.0,1.0,False
censura,issue_4-5,4,668,22,0.021,1.0,1.0,False
persona,issue_4-5,4,668,22,0.021,1.0,1.0,False
heroe,issue_1,4,1188,12,0.019,1.0,1.0,False
lucha,issue_1,4,1188,12,0.019,1.0,1.0,False
retorica,issue_1,4,1188,12,0.019,1.0,1.0,False
singularidad,issue_1,4,1188,12,0.019,1.0,1.0,False
narrador,issue_2,5,482,38,0.018,1.0,1.0,False
ficcion,issue_6,7,458,55,0.017,1.0,1.0,False
valor,issue_2,4,482,31,0.015,1.0,1.0,False
aplicacion,issue_4-5,3,668,17,0.013,1.0,1.0,False
moderno,issue_4-5,3,668,17,0.013,1.0,1.0,False
oposicion,issue_4-5,3,668,17,0.013,1.0,1.0,False
identidad,issue_3,8,680,42,0.012,1.0,1.0,False
naturaleza,issue_3,7,680,37,0.01,1.0,1.0,False
agente,issue_1,5,1188,15,0.008,1.0,1.0,False
aire,issue_1,5,1188,15,0.008,1.0,1.0,False
amistad,issue_1,5,1188,15,0.008,1.0,1.0,False
copia,issue_1,5,1188,15,0.008,1.0,1.0,False
destruccion,issue_1,5,1188,15,0.008,1.0,1.0,False
estilistico,issue_1,5,1188,15,0.008,1.0,1.0,False
romanticismo,issue_1,5,1188,15,0.008,1.0,1.0,False
lenguaje,issue_3,18,680,93,0.007,1.0,1.0,False
codigo,issue_4-5,8,668,43,0.005,1.0,1.0,False
simbolo,issue_3,5,680,27,0.004,1.0,1.0,False
social,issue_4-5,13,668,69,0.003,1.0,1.0,False
artista,issue_1,6,1188,18,0.001,1.0,1.0,False
cuento,issue_1,6,1188,18,0.001,1.0,1.0,False
escritura,issue_1,46,1188,135,0.0,1.0,1.0,False
carta,issue_3,4,680,22,-0.001,1.0,1.0,False
literario,issue_1,47,1188,138,-0.001,1.0,1.0,False
memoria,issue_3,4,680,22,-0.001,1.0,1.0,False
metafisico,issue_3,4,680,22,-0.001,1.0,1.0,False
persona,issue_3,4,680,22,-0.001,1.0,1.0,False
convencion,issue_1,7,1188,21,-0.004,1.0,1.0,False
signo,issue_1,7,1188,21,-0.004,1.0,1.0,False
tiempo,issue_3,20,680,104,-0.004,1.0,1.0,False
silencio,issue_3,11,680,58,-0.006,1.0,1.0,False
natural,issue_1,8,1188,24,-0.008,1.0,1.0,False
infinito,issue_3,3,680,17,-0.009,1.0,1.0,False
materno,issue_3,3,680,17,-0.009,1.0,1.0,False
posesion,issue_3,3,680,17,-0.009,1.0,1.0,False
ideologia,issue_1,9,1188,27,-0.012,1.0,1.0,False
territorio,issue_6,3,458,26,-0.021,1.0,1.0,False
tierra,issue_2,4,482,32,-0.021,1.0,1.0,False
libertad,issue_1,15,1188,45,-0.022,1.0,1.0,False
sangre,issue_4-5,8,668,44,-0.023,1.0,1.0,False
argentino,issue_4-5,11,668,60,-0.025,1.0,1.0,False
cultura,issue_3,11,680,59,-0.027,1.0,1.0,False
dolor,issue_1,22,1188,66,-0.027,1.0,1.0,False
autor,issue_4-5,7,668,39,-0.032,1.0,1.0,False
viaje,issue_4-5,4,668,23,-0.032,1.0,1.0,False
media,issue_2,3,482,25,-0.036,1.0,1.0,False
personal,issue_2,3,482,25,-0.036,1.0,1.0,False
real,issue_2,3,482,25,-0.036,1.0,1.0,False
literatura,issue_2,24,482,181,-0.038,0.912057,1.0,False
escena,issue_3,5,680,28,-0.04,1.0,1.0,False
pasion,issue_4-5,6,668,34,-0.044,1.0,1.0,False
punto,issue_4-5,6,668,34,-0.044,1.0,1.0,False
literario,issue_2,18,482,138,-0.051,0.899945,1.0,False
artista,issue_4-5,3,668,18,-0.054,1.0,1.0,False
infancia,issue_4-5,3,668,18,-0.054,1.0,1.0,False
jardin,issue_4-5,3,668,18,-0.054,1.0,1.0,False
limite,issue_3,4,680,23,-0.054,1.0,1.0,False
secreto,issue_4-5,3,668,18,-0.054,1.0,1.0,False
teoria,issue_1,12,1188,37,-0.059,1.0,1.0,False
cultural,issue_3,9,680,50,-0.063,1.0,1.0,False
interior,issue_6,3,458,27,-0.063,1.0,1.0,False
lector,issue_4-5,7,668,40,-0.063,1.0,1.0,False
edad,issue_3,6,680,34,-0.066,1.0,1.0,False
locura,issue_1,8,1188,25,-0.068,1.0,1.0,False
metafisico,issue_1,7,1188,22,-0.071,1.0,1.0,False
expresion,issue_3,3,680,18,-0.076,1.0,1.0,False
religion,issue_3,3,680,18,-0.076,1.0,1.0,False
reloj,issue_3,3,680,18,-0.076,1.0,1.0,False
personaje,issue_2,6,482,49,-0.077,1.0,1.0,False
voluntad,issue_4-5,6,668,35,-0.079,1.0,1.0,False
familia,issue_4-5,4,668,24,-0.082,1.0,1.0,False
miedo,issue_3,5,680,29,-0.082,1.0,1.0,False
natural,issue_4-5,4,668,24,-0.082,1.0,1.0,False
religioso,issue_4-5,4,668,24,-0.082,1.0,1.0,False
cientifico,issue_1,5,1188,16,-0.083,1.0,1.0,False
construccion,issue_1,5,1188,16,-0.083,1.0,1.0,False
felicidad,issue_1,5,1188,16,-0.083,1.0,1.0,False
grupo,issue_1,5,1188,16,-0.083,1.0,1.0,False
verbal,issue_1,5,1188,16,-0.083,1.0,1.0,False
edad,issue_2,4,482,34,-0.09,1.0,1.0,False
pasion,issue_2,4,482,34,-0.09,1.0,1.0,False
sujeto,issue_2,4,482,34,-0.09,1.0,1.0,False
contemporaneo,issue_1,4,1188,13,-0.093,1.0,1.0,False
mito,issue_1,4,1188,13,-0.093,1.0,1.0,False
obligacion,issue_1,4,1188,13,-0.093,1.0,1.0,False
recuerdo,issue_1,4,1188,13,-0.093,1.0,1.0,False
destino,issue_2,5,482,42,-0.096,1.0,1.0,False
identidad,issue_2,5,482,42,-0.096,1.0,1.0,False
condicion,issue_4-5,5,668,30,-0.1,1.0,1.0,False
biblioteca,issue_1,3,1188,10,-0.107,1.0,1.0,False
ceremonia,issue_1,3,1188,10,-0.107,1.0,1.0,False
eleccion,issue_1,3,1188,10,-0.107,1.0,1.0,False
excepcion,issue_1,3,1188,10,-0.107,1.0,1.0,False
facultad,issue_1,3,1188,10,-0.107,1.0,1.0,False
intimo,issue_1,3,1188,10,-0.107,1.0,1.0,False
medico,issue_1,3,1188,10,-0.107,1.0,1.0,False
menor,issue_1,3,1188,10,-0.107,1.0,1.0,False
situacion,issue_1,3,1188,10,-0.107,1.0,1.0,False
temporalidad,issue_1,3,1188,10,-0.107,1.0,1.0,False
topico,issue_1,3,1188,10,-0.107,1.0,1.0,False
vocacion,issue_1,3,1188,10,-0.107,1.0,1.0,False
piedra,issue_4-5,3,668,19,-0.116,1.0,1.0,False
vista,issue_4-5,3,668,19,-0.116,1.0,1.0,False
ciudad,issue_2,3,482,27,-0.122,1.0,1.0,False
objeto,issue_2,3,482,27,-0.122,1.0,1.0,False
pecado,issue_2,3,482,27,-0.122,1.0,1.0,False
ritual,issue_3,3,680,19,-0.139,1.0,1.0,False
vista,issue_3,3,680,19,-0.139,1.0,1.0,False
estetica,issue_6,3,458,29,-0.142,1.0,1.0,False
simbolico,issue_6,3,458,29,-0.142,1.0,1.0,False
