lemma,period,a,n_bucket_paras,n_lemma_paras,log_odds,p,q,significant
antisemitismo,Revolutionary Era,16,242,17,5.056,0.0,0.0,True
judio,Revolutionary Era,36,242,66,2.922,0.0,0.0,True
lengua,Renaissance,13,66,83,2.481,0.0,0.0,True
exilio,World Wars Era,28,312,56,2.4,0.0,0.0,True
teoria,World Wars Era,17,312,37,2.207,0.0,0.0,True
argentino,World Wars Era,26,312,60,2.127,0.0,0.0,True
poema,Long 19th Century,24,494,42,2.122,0.0,0.0,True
historia,Early Modern,17,89,124,1.997,0.0,0.0,True
discurso,World Wars Era,44,312,114,1.984,0.0,0.0,True
ficcion,World Wars Era,22,312,55,1.98,0.0,0.0,True
estilo,World Wars Era,20,312,51,1.942,0.0,0.0,True
dinero,Revolutionary Era,20,242,65,1.865,0.0,0.0,True
literario,World Wars Era,46,312,138,1.757,0.0,0.0,True
historia,Revolutionary Era,34,242,124,1.749,0.0,0.0,True
politico,World Wars Era,51,312,163,1.676,0.0,0.0,True
novela,World Wars Era,30,312,93,1.663,0.0,0.0,True
espacio,Long 19th Century,29,494,64,1.66,0.0,0.0,True
realidad,Long 19th Century,28,494,63,1.624,0.0,0.0,True
literatura,World Wars Era,53,312,181,1.583,0.0,0.0,True
poesia,Long 19th Century,43,494,102,1.555,0.0,0.0,True
escritura,Long 19th Century,56,494,135,1.549,0.0,0.0,True
literatura,Long 19th Century,68,494,181,1.401,0.0,0.0,True
literario,Long 19th Century,52,494,138,1.379,0.0,0.0,True
escritura,World Wars Era,35,312,135,1.361,0.0,0.0,True
escritura,Renaissance,15,66,135,2.106,0.0,1e-06,True
historico,Revolutionary Era,19,242,62,1.856,0.0,1e-06,True
nacional,World Wars Era,16,312,38,2.051,0.0,2e-06,True
poetico,Long 19th Century,20,494,39,1.882,0.0,2e-06,True
literario,Revolutionary Era,29,242,138,1.372,0.0,2e-06,True
critica,World Wars Era,18,312,49,1.832,0.0,3e-06,True
vacio,Long 19th Century,22,494,47,1.709,0.0,3e-06,True
literatura,Early Modern,19,89,181,1.703,0.0,3e-06,True
romanticismo,Revolutionary Era,9,242,15,3.006,0.0,4e-06,True
interes,World Wars Era,12,312,23,2.434,0.0,4e-06,True
filosofia,Early Modern,9,89,36,2.669,0.0,6e-06,True
cultura,Early Modern,11,89,59,2.311,0.0,6e-06,True
identidad,Long 19th Century,20,494,42,1.738,0.0,6e-06,True
historia,World Wars Era,30,312,124,1.255,0.0,7e-06,True
nacional,Early Modern,9,89,38,2.598,0.0,9e-06,True
erotico,Long 19th Century,14,494,23,2.246,0.0,9e-06,True
lengua,Long 19th Century,30,494,83,1.28,0.0,1.1e-05,True
ideologico,World Wars Era,11,312,21,2.439,0.0,1.2e-05,True
sistema,World Wars Era,17,312,49,1.742,0.0,1.3e-05,True
lengua,World Wars Era,23,312,83,1.427,0.0,1.3e-05,True
literatura,Revolutionary Era,32,242,181,1.159,0.0,1.3e-05,True
lectura,Long 19th Century,29,494,80,1.283,1e-06,1.5e-05,True
lengua,Early Modern,12,89,83,2.012,1e-06,2.2e-05,True
modernismo,Long 19th Century,9,494,11,3.15,1e-06,2.4e-05,True
estilo,Revolutionary Era,15,242,51,1.787,1e-06,2.4e-05,True
real,Long 19th Century,14,494,25,2.054,1e-06,2.9e-05,True
voracidad,Long 19th Century,10,494,14,2.663,2e-06,4.4e-05,True
divino,Hellenistic/Roman,8,96,33,2.537,2e-06,4.8e-05,True
representacion,World Wars Era,11,312,24,2.187,2e-06,5.1e-05,True
narrador,World Wars Era,14,312,38,1.829,2e-06,5.1e-05,True
edad,Hellenistic/Roman,8,96,34,2.498,3e-06,5.8e-05,True
estetica,World Wars Era,12,312,29,2.012,3e-06,6.4e-05,True
critica,Long 19th Century,20,494,49,1.465,4e-06,8.7e-05,True
seduccion,World Wars Era,9,312,17,2.453,4e-06,9.3e-05,True
nacional,Long 19th Century,17,494,38,1.619,5e-06,0.000102,True
sentido,Long 19th Century,29,494,87,1.153,5e-06,0.00011,True
linguistico,World Wars Era,8,312,14,2.607,7e-06,0.000147,True
detalle,Long 19th Century,9,494,13,2.561,9e-06,0.000188,True
metafisico,Long 19th Century,12,494,22,1.993,1e-05,0.000198,True
teorico,World Wars Era,7,312,11,2.847,1.1e-05,0.000207,True
codigo,World Wars Era,14,312,43,1.642,1.2e-05,0.000226,True
discurso,Long 19th Century,34,494,114,0.994,1.4e-05,0.000257,True
conciencia,World Wars Era,18,312,67,1.375,1.4e-05,0.00026,True
ficcion,Revolutionary Era,14,242,55,1.586,1.4e-05,0.000263,True
lectura,World Wars Era,20,312,80,1.28,1.5e-05,0.000272,True
relato,World Wars Era,21,312,87,1.234,1.6e-05,0.000293,True
metodo,Revolutionary Era,9,242,24,2.134,1.7e-05,0.000303,True
significado,Long 19th Century,11,494,20,2.007,2.1e-05,0.000372,True
persecucion,Classical Antiquity,4,27,23,3.517,2.3e-05,0.000397,True
iron,Contemporary,5,47,27,2.975,2.4e-05,0.000398,True
cuestion,Revolutionary Era,9,242,25,2.071,2.5e-05,0.000416,True
real,Revolutionary Era,9,242,25,2.071,2.5e-05,0.000416,True
catolico,Revolutionary Era,7,242,15,2.492,2.9e-05,0.00047,True
frances,Revolutionary Era,8,242,20,2.235,3e-05,0.000476,True
cultural,Early Modern,8,89,50,2.105,3e-05,0.000476,True
ficcion,Long 19th Century,20,494,55,1.277,3.1e-05,0.000482,True
literario,Early Modern,13,89,138,1.523,3.6e-05,0.000563,True
realismo,World Wars Era,9,312,21,2.066,3.8e-05,0.000574,True
media,Hellenistic/Roman,6,96,25,2.516,4.4e-05,0.000664,True
filosofia,Renaissance,6,66,36,2.477,4.6e-05,0.000668,True
humor,Long 19th Century,8,494,12,2.448,4.6e-05,0.000668,True
montaje,Long 19th Century,8,494,12,2.448,4.6e-05,0.000668,True
politico,Revolutionary Era,26,242,163,1.014,4.6e-05,0.000668,True
intelectual,World Wars Era,15,312,54,1.416,4.8e-05,0.000683,True
ciencia,Renaissance,6,66,37,2.445,5.5e-05,0.000768,True
mundo,World Wars Era,21,312,94,1.132,5.7e-05,0.00079,True
lenguaje,Long 19th Century,28,494,93,1.001,5.8e-05,0.00079,True
novela,Long 19th Century,28,494,93,1.001,5.8e-05,0.00079,True
personaje,World Wars Era,14,312,49,1.454,6.1e-05,0.000824,True
interior,World Wars Era,10,312,27,1.831,6.2e-05,0.000827,True
ensayo,Long 19th Century,13,494,29,1.618,6.3e-05,0.000836,True
investigacion,Classical Antiquity,3,27,11,4.058,6.6e-05,0.000856,True
sistema,Long 19th Century,18,494,49,1.291,6.6e-05,0.000856,True
representacion,Renaissance,5,66,24,2.744,6.8e-05,0.000871,True
pobre,Hellenistic/Roman,5,96,17,2.785,6.9e-05,0.000872,True
exilio,Early Modern,8,89,56,1.971,7e-05,0.000877,True
alegoer,World Wars Era,8,312,18,2.127,7.6e-05,0.00094,True
cultural,World Wars Era,14,312,50,1.426,7.8e-05,0.00096,True
genero,Early Modern,9,89,74,1.789,8.9e-05,0.001052,True
narrativo,World Wars Era,10,312,28,1.776,8.9e-05,0.001052,True
textual,World Wars Era,10,312,28,1.776,8.9e-05,0.001052,True
realidad,World Wars Era,16,312,63,1.295,8.9e-05,0.001052,True
palabra,Renaissance,10,66,124,1.677,9e-05,0.001053,True
serie,Long 19th Century,7,494,10,2.572,9.1e-05,0.001062,True
raza,Revolutionary Era,8,242,23,2.019,9.6e-05,0.001108,True
enunciacion,World Wars Era,14,312,51,1.399,9.9e-05,0.00113,True
parodiar,Renaissance,4,66,14,3.149,0.000103,0.001145,True
sujeto,Long 19th Century,14,494,34,1.473,0.000103,0.001145,True
arte,Long 19th Century,15,494,38,1.404,0.000104,0.001145,True
metafora,Long 19th Century,16,494,42,1.347,0.000101,0.001145,True
filosofia,Revolutionary Era,10,242,36,1.699,0.000112,0.001225,True
detalle,Revolutionary Era,6,242,13,2.47,0.000121,0.001289,True
europeo,Revolutionary Era,6,242,13,2.47,0.000121,0.001289,True
estilo,Long 19th Century,18,494,51,1.229,0.000121,0.001289,True
ensayo,World Wars Era,10,312,29,1.723,0.000125,0.001318,True
nacional,Contemporary,5,47,38,2.574,0.000131,0.001366,True
original,Renaissance,4,66,15,3.058,0.000138,0.001434,True
cine,Long 19th Century,13,494,31,1.502,0.000146,0.001505,True
estilistico,World Wars Era,7,312,15,2.21,0.00015,0.001529,True
lenguaje,World Wars Era,20,312,93,1.081,0.000151,0.001529,True
tradicion,Long 19th Century,18,494,52,1.199,0.000161,0.001611,True
descripcion,Revolutionary Era,7,242,19,2.105,0.000177,0.001766,True
edad,Early Modern,6,89,34,2.217,0.00018,0.001774,True
plano,World Wars Era,8,312,20,1.952,0.000186,0.001776,True
antisemitismo,Long 19th Century,9,494,17,1.924,0.000185,0.001776,True
imposible,Long 19th Century,9,494,17,1.924,0.000185,0.001776,True
metodo,Long 19th Century,11,494,24,1.655,0.000185,0.001776,True
guerra,Contemporary,7,47,93,1.968,0.000205,0.001935,True
textual,Long 19th Century,12,494,28,1.539,0.000206,0.001935,True
poema,World Wars Era,12,312,42,1.453,0.000207,0.001935,True
linguistico,Long 19th Century,8,494,14,2.08,0.000215,0.001967,True
desear,Long 19th Century,14,494,36,1.379,0.000214,0.001967,True
olvido,Long 19th Century,14,494,36,1.379,0.000214,0.001967,True
teorico,Long 19th Century,7,494,11,2.321,0.000221,0.002007,True
persecucion,Early Modern,5,89,23,2.473,0.00023,0.002058,True
traduccion,Early Modern,8,89,66,1.781,0.000229,0.002058,True
retorico,Revolutionary Era,10,242,39,1.591,0.000233,0.002073,True
produccion,World Wars Era,7,312,16,2.099,0.000246,0.002176,True
ilusion,Contemporary,4,47,24,2.845,0.000256,0.002238,True
economico,Revolutionary Era,7,242,20,2.028,0.000257,0.002238,True
estilo,Early Modern,7,89,51,1.921,0.000264,0.002264,True
obra,Early Modern,7,89,51,1.921,0.000264,0.002264,True
personaje,Renaissance,6,66,49,2.118,0.000274,0.002341,True
social,World Wars Era,16,312,69,1.174,0.000281,0.002381,True
metodo,Early Modern,5,89,24,2.42,0.000284,0.002394,True
singularidad,World Wars Era,6,312,12,2.333,0.000289,0.002417,True
religion,Renaissance,4,66,18,2.825,0.000297,0.002467,True
teoria,Long 19th Century,14,494,37,1.335,0.0003,0.002476,True
lectura,Revolutionary Era,15,242,80,1.193,0.000312,0.002559,True
parodiar,Early Modern,4,89,14,2.829,0.00033,0.002691,True
territorio,Contemporary,4,47,26,2.752,0.000353,0.002855,True
clasico,Renaissance,4,66,19,2.758,0.000371,0.002963,True
modelo,Renaissance,4,66,19,2.758,0.000371,0.002963,True
critico,World Wars Era,8,312,22,1.803,0.000401,0.003184,True
enunciacion,Long 19th Century,17,494,51,1.142,0.000408,0.003216,True
cultura,Long 19th Century,19,494,59,1.092,0.000421,0.003298,True
olvido,Antiquity (Archaic),3,15,36,3.355,0.000426,0.003315,True
poetico,World Wars Era,11,312,39,1.435,0.000431,0.003315,True
retorico,World Wars Era,11,312,39,1.435,0.000431,0.003315,True
perdon,Hellenistic/Roman,4,96,14,2.748,0.000442,0.003361,True
romanticismo,Early Modern,4,89,15,2.738,0.000442,0.003361,True
blanco,Long 19th Century,12,494,30,1.423,0.000448,0.003378,True
genero,Revolutionary Era,14,242,74,1.203,0.00045,0.003378,True
imagen,Long 19th Century,16,494,47,1.173,0.00046,0.003434,True
singularidad,Long 19th Century,7,494,12,2.12,0.000466,0.003454,True
texto,Long 19th Century,23,494,79,0.948,0.000469,0.003461,True
obediencia,Long 19th Century,5,494,122,-1.295,0.000484,0.003551,True
democracia,World Wars Era,6,312,13,2.189,0.000497,0.0036,True
tragedia,World Wars Era,6,312,13,2.189,0.000497,0.0036,True
analisis,World Wars Era,9,312,28,1.619,0.0005,0.003605,True
fracaso,Revolutionary Era,5,242,11,2.443,0.000512,0.00363,True
cristiano,Hellenistic/Roman,6,96,38,2.001,0.000512,0.00363,True
tiempo,Long 19th Century,28,494,104,0.842,0.000511,0.00363,True
lenguaje,Early Modern,9,89,93,1.529,0.000518,0.003651,True
etico,World Wars Era,12,312,46,1.328,0.000523,0.003654,True
cultura,World Wars Era,14,312,59,1.203,0.000525,0.003654,True
genero,Long 19th Century,22,494,74,0.978,0.000527,0.003654,True
literatura,Contemporary,9,47,181,1.539,0.000563,0.003878,True
acontecimiento,World Wars Era,8,312,23,1.736,0.000568,0.003891,True
romantico,Early Modern,4,89,16,2.654,0.000578,0.003915,True
teoria,Renaissance,5,66,37,2.23,0.000577,0.003915,True
poema,Unknown,4,33,42,2.602,0.000585,0.003921,True
ensayo,Revolutionary Era,8,242,29,1.69,0.000584,0.003921,True
exilio,Long 19th Century,18,494,56,1.088,0.000633,0.004224,True
salvacion,Revolutionary Era,6,242,17,2.042,0.000689,0.004551,True
escritor,World Wars Era,11,312,41,1.366,0.00069,0.004551,True
ciencia,Revolutionary Era,9,242,37,1.521,0.000732,0.004808,True
estetico,Long 19th Century,9,494,20,1.621,0.000858,0.005537,True
plano,Long 19th Century,9,494,20,1.621,0.000858,0.005537,True
acto,World Wars Era,11,312,42,1.333,0.000861,0.005537,True
identidad,World Wars Era,11,312,42,1.333,0.000861,0.005537,True
representacion,Long 19th Century,10,494,24,1.49,0.000924,0.005909,True
religion,Early Modern,4,89,18,2.505,0.000934,0.005944,True
edad,Medieval,3,21,34,3.024,0.001009,0.006034,True
antiguo,Hellenistic/Roman,4,96,17,2.496,0.000987,0.006034,True
analogia,World Wars Era,5,312,10,2.33,0.000974,0.006034,True
democratico,World Wars Era,5,312,10,2.33,0.000974,0.006034,True
dictadura,World Wars Era,5,312,10,2.33,0.000974,0.006034,True
desnudez,Long 19th Century,6,494,10,2.176,0.001011,0.006034,True
excepcion,Long 19th Century,6,494,10,2.176,0.001011,0.006034,True
simbolismir,Long 19th Century,6,494,10,2.176,0.001011,0.006034,True
religion,Revolutionary Era,6,242,18,1.958,0.000974,0.006034,True
etico,Early Modern,6,89,46,1.862,0.000978,0.006034,True
realidad,Early Modern,7,89,63,1.679,0.000982,0.006034,True
escritor,Long 19th Century,14,494,41,1.177,0.001003,0.006034,True
ley,Long 19th Century,7,494,135,-1.074,0.000989,0.006034,True
metafora,Renaissance,5,66,42,2.085,0.001047,0.00622,True
real,World Wars Era,8,312,25,1.614,0.001067,0.006314,True
militar,Long 19th Century,3,494,90,-1.445,0.0011,0.006474,True
media,Renaissance,4,66,25,2.429,0.001111,0.006511,True
letra,Contemporary,4,47,35,2.412,0.001131,0.006594,True
campo,World Wars Era,9,312,31,1.475,0.001146,0.006642,True
etico,Long 19th Century,15,494,46,1.108,0.001149,0.006642,True
relato,Unknown,5,33,87,2.062,0.001195,0.006874,True
espacio,World Wars Era,14,312,64,1.097,0.001249,0.007151,True
gocir,Renaissance,3,66,12,2.982,0.001273,0.00719,True
sustitucion,Revolutionary Era,5,242,13,2.174,0.001271,0.00719,True
verosimil,Revolutionary Era,5,242,13,2.174,0.001271,0.00719,True
ausencia,Long 19th Century,11,494,29,1.338,0.001307,0.007349,True
poeta,Long 19th Century,14,494,42,1.141,0.001313,0.007349,True
referencia,Early Modern,4,89,20,2.375,0.001422,0.00789,True
realidad,Contemporary,5,47,63,2.009,0.001422,0.00789,True
historia,Long 19th Century,31,494,124,0.742,0.001435,0.007926,True
recordar,Classical Antiquity,3,27,30,2.878,0.001476,0.008118,True
parodiar,Long 19th Century,7,494,14,1.809,0.001557,0.008527,True
verosimil,Renaissance,3,66,13,2.882,0.001632,0.008899,True
ingles,Contemporary,3,47,18,2.852,0.00164,0.008899,True
obra,Long 19th Century,16,494,51,1.052,0.001646,0.008899,True
enunciar,World Wars Era,5,312,11,2.162,0.001655,0.008908,True
hombre,Classical Antiquity,4,27,68,2.308,0.001675,0.008976,True
menor,Early Modern,3,89,10,2.903,0.00171,0.009023,True
totalidad,Early Modern,3,89,10,2.903,0.00171,0.009023,True
tradicion,World Wars Era,12,312,52,1.166,0.001696,0.009023,True
traduccion,World Wars Era,14,312,66,1.058,0.001712,0.009023,True
nacion,Early Modern,4,89,21,2.316,0.001722,0.009036,True
autor,World Wars Era,10,312,39,1.305,0.001759,0.009192,True
fantastico,Long 19th Century,11,494,30,1.285,0.001804,0.00935,True
sociedad,Revolutionary Era,11,242,58,1.204,0.001799,0.00935,True
edad,Revolutionary Era,8,242,34,1.479,0.001823,0.009408,True
cientifico,World Wars Era,6,312,16,1.852,0.001836,0.009438,True
metafora,Medieval,3,21,42,2.795,0.001876,0.009453,True
frances,Hellenistic/Roman,4,96,20,2.295,0.001885,0.009453,True
politica,Contemporary,4,47,40,2.264,0.001878,0.009453,True
parodiar,Revolutionary Era,5,242,14,2.062,0.001866,0.009453,True
ideologia,World Wars Era,8,312,27,1.505,0.001868,0.009453,True
iron,World Wars Era,8,312,27,1.505,0.001868,0.009453,True
traduccion,Long 19th Century,19,494,66,0.93,0.001911,0.00955,True
discontinuidad,Long 19th Century,6,494,11,1.975,0.001958,0.009705,True
fidelidad,Long 19th Century,6,494,11,1.975,0.001958,0.009705,True
linguistico,Renaissance,3,66,14,2.791,0.00205,0.010079,True
progreso,Renaissance,3,66,14,2.791,0.00205,0.010079,True
historia,Renaissance,8,66,124,1.413,0.002112,0.010348,True
politica,World Wars Era,10,312,40,1.272,0.002163,0.010555,True
poeta,Contemporary,4,47,42,2.21,0.002255,0.010961,True
pensamiento,Early Modern,6,89,54,1.679,0.002288,0.011078,True
novela,Early Modern,8,89,93,1.393,0.002313,0.011155,True
sujeto,World Wars Era,9,312,34,1.349,0.002343,0.011256,True
realismo,Revolutionary Era,6,242,21,1.742,0.002385,0.011416,True
campo,Long 19th Century,11,494,31,1.235,0.002446,0.011662,True
espectador,Renaissance,3,66,15,2.707,0.002527,0.011855,True
estilistico,Renaissance,3,66,15,2.707,0.002527,0.011855,True
filosofia,Classical Antiquity,3,27,36,2.679,0.002516,0.011855,True
olvido,Classical Antiquity,3,27,36,2.679,0.002516,0.011855,True
estilo,Renaissance,5,66,51,1.867,0.002534,0.011855,True
muerte,Medieval,5,21,166,1.917,0.00255,0.011889,True
montaje,World Wars Era,5,312,12,2.019,0.002631,0.012133,True
aventura,Revolutionary Era,5,242,15,1.962,0.002641,0.012133,True
cita,Revolutionary Era,5,242,15,1.962,0.002641,0.012133,True
materno,World Wars Era,6,312,17,1.761,0.002627,0.012133,True
ideologia,Long 19th Century,10,494,27,1.301,0.002664,0.012146,True
iron,Long 19th Century,10,494,27,1.301,0.002664,0.012146,True
historico,World Wars Era,13,312,62,1.043,0.002773,0.012597,True
vista,Long 19th Century,8,494,19,1.507,0.002808,0.012713,True
valor,Unknown,3,33,31,2.621,0.002925,0.013193,True
figura,Revolutionary Era,7,242,29,1.514,0.00301,0.013527,True
economia,Renaissance,3,66,16,2.63,0.003069,0.013694,True
verbal,Renaissance,3,66,16,2.63,0.003069,0.013694,True
ausencia,World Wars Era,8,312,29,1.406,0.00308,0.013698,True
retorico,Classical Antiquity,3,27,39,2.592,0.003171,0.014053,True
pueblo,Early Modern,5,89,40,1.816,0.003189,0.014083,True
media,Early Modern,4,89,25,2.109,0.003366,0.01476,True
real,Early Modern,4,89,25,2.109,0.003366,0.01476,True
documento,Revolutionary Era,4,242,10,2.238,0.003443,0.014921,True
imposibilidad,Revolutionary Era,4,242,10,2.238,0.003443,0.014921,True
erotismo,Long 19th Century,6,494,12,1.807,0.003451,0.014921,True
humanismo,Long 19th Century,6,494,12,1.807,0.003451,0.014921,True
edad,Renaissance,4,66,34,2.077,0.003583,0.015389,True
sujeto,Renaissance,4,66,34,2.077,0.003583,0.015389,True
romantico,Revolutionary Era,5,242,16,1.87,0.003627,0.015522,True
materno,Renaissance,3,66,17,2.558,0.003676,0.015626,True
moderno,Renaissance,3,66,17,2.558,0.003676,0.015626,True
literatura,Medieval,5,21,181,1.824,0.003724,0.01568,True
lectura,Renaissance,6,66,80,1.571,0.003721,0.01568,True
ciencia,Long 19th Century,12,494,37,1.1,0.003726,0.01568,True
madera,Hellenistic/Roman,3,96,12,2.587,0.003748,0.015717,True
mundo,Long 19th Century,24,494,94,0.766,0.003835,0.016031,True
argentino,Early Modern,6,89,60,1.561,0.003923,0.016344,True
risa,Long 19th Century,9,494,24,1.321,0.003937,0.016349,True
metodo,World Wars Era,7,312,24,1.485,0.003969,0.016372,True
lectura,Early Modern,7,89,80,1.411,0.003963,0.016372,True
economia,Long 19th Century,7,494,16,1.572,0.004012,0.016441,True
exterior,Long 19th Century,7,494,16,1.572,0.004012,0.016441,True
literario,Renaissance,8,66,138,1.295,0.004125,0.016846,True
argentino,Long 19th Century,17,494,60,0.907,0.004138,0.016846,True
texto,World Wars Era,15,312,79,0.918,0.004291,0.017413,True
exilio,Revolutionary Era,10,242,56,1.13,0.004563,0.018457,True
historico,Early Modern,6,89,62,1.524,0.004624,0.018646,True
comprension,Early Modern,3,89,14,2.475,0.004814,0.019166,True
linguistico,Early Modern,3,89,14,2.475,0.004814,0.019166,True
progreso,Early Modern,3,89,14,2.475,0.004814,0.019166,True
cultura,Renaissance,5,66,59,1.706,0.004805,0.019166,True
cine,World Wars Era,8,312,31,1.317,0.004831,0.01917,True
estetica,Long 19th Century,10,494,29,1.192,0.00485,0.019185,True
nombre,Renaissance,4,66,37,1.982,0.00489,0.019284,True
relacion,Contemporary,4,47,52,1.976,0.004942,0.019305,True
clasico,World Wars Era,6,312,19,1.6,0.004936,0.019305,True
creencia,World Wars Era,6,312,19,1.6,0.004936,0.019305,True
vision,Long 19th Century,16,494,55,0.944,0.005127,0.019966,True
espiritu,Medieval,3,21,60,2.414,0.005213,0.02024,True
narrador,Renaissance,4,66,38,1.953,0.005389,0.020814,True
estructura,Long 19th Century,9,494,25,1.258,0.005394,0.020814,True
drama,World Wars Era,5,312,14,1.782,0.005721,0.02148,True
parodiar,World Wars Era,5,312,14,1.782,0.005721,0.02148,True
practica,World Wars Era,5,312,14,1.782,0.005721,0.02148,True
progreso,World Wars Era,5,312,14,1.782,0.005721,0.02148,True
transformacion,World Wars Era,5,312,14,1.782,0.005721,0.02148,True
zona,World Wars Era,5,312,14,1.782,0.005721,0.02148,True
recuerdo,Long 19th Century,6,494,13,1.664,0.005649,0.02148,True
tragedia,Long 19th Century,6,494,13,1.664,0.005649,0.02148,True
sentido,Renaissance,6,66,87,1.479,0.005638,0.02148,True
historia,Medieval,4,21,124,1.963,0.005763,0.021499,True
estetica,Early Modern,4,89,29,1.937,0.005846,0.021499,True
figura,Early Modern,4,89,29,1.937,0.005846,0.021499,True
enigma,Long 19th Century,8,494,21,1.346,0.005828,0.021499,True
nostalgia,Long 19th Century,8,494,21,1.346,0.005828,0.021499,True
realismo,Long 19th Century,8,494,21,1.346,0.005828,0.021499,True
personaje,Revolutionary Era,9,242,49,1.166,0.005798,0.021499,True
psicoanalisis,Early Modern,3,89,15,2.391,0.005908,0.021517,True
frances,Renaissance,3,66,20,2.369,0.005917,0.021517,True
pecado,Hellenistic/Roman,4,96,27,1.939,0.005888,0.021517,True
poetico,Renaissance,4,66,39,1.924,0.00592,0.021517,True
unidad,Long 19th Century,7,494,17,1.471,0.005999,0.021743,True
media,Revolutionary Era,6,242,25,1.511,0.006152,0.022231,True
literatura,Antiquity (Archaic),4,15,181,1.98,0.006173,0.022243,True
testimonio,Revolutionary Era,5,242,18,1.709,0.006342,0.022786,True
realidad,Renaissance,5,66,63,1.634,0.006364,0.022802,True
imaginario,World Wars Era,7,312,26,1.376,0.006451,0.023047,True
estetico,World Wars Era,6,312,20,1.528,0.00653,0.023197,True
referencia,World Wars Era,6,312,20,1.528,0.00653,0.023197,True
estetica,Contemporary,3,47,29,2.313,0.006618,0.023444,True
enigma,Renaissance,3,66,21,2.313,0.006811,0.024058,True
cientifico,Early Modern,3,89,16,2.314,0.007138,0.024932,True
construccion,Early Modern,3,89,16,2.314,0.007138,0.024932,True
universal,Early Modern,3,89,16,2.314,0.007138,0.024932,True
escritor,Renaissance,4,66,41,1.868,0.007085,0.024932,True
catolico,Hellenistic/Roman,3,96,15,2.311,0.007298,0.025082,True
estilistico,Hellenistic/Roman,3,96,15,2.311,0.007298,0.025082,True
civilizacion,Revolutionary Era,4,242,12,1.969,0.007263,0.025082,True
destino,Revolutionary Era,8,242,42,1.213,0.007301,0.025082,True
territorio,Long 19th Century,9,494,26,1.199,0.007236,0.025082,True
discurso,Revolutionary Era,16,242,114,0.841,0.007207,0.025082,True
valor,Early Modern,4,89,31,1.861,0.00745,0.025524,True
identidad,Renaissance,4,66,42,1.842,0.00772,0.026117,True
maravilloso,Long 19th Century,5,494,10,1.805,0.007727,0.026117,True
metamorfosis,Long 19th Century,5,494,10,1.805,0.007727,0.026117,True
topico,Long 19th Century,5,494,10,1.805,0.007727,0.026117,True
sistema,Early Modern,5,89,49,1.587,0.007717,0.026117,True
censura,Renaissance,3,66,22,2.26,0.00778,0.026227,True
intelectual,Classical Antiquity,3,27,54,2.244,0.007965,0.026566,True
categoria,World Wars Era,5,312,15,1.681,0.007962,0.026566,True
cita,World Wars Era,5,312,15,1.681,0.007962,0.026566,True
perspectiva,World Wars Era,5,312,15,1.681,0.007962,0.026566,True
discurso,Early Modern,8,89,114,1.167,0.008069,0.026838,True
clasico,Revolutionary Era,5,242,19,1.638,0.008127,0.026961,True
mundo,Renaissance,6,66,94,1.395,0.008197,0.02712,True
argentino,Contemporary,4,47,60,1.821,0.008227,0.027148,True
escritura,Revolutionary Era,18,242,135,0.782,0.008301,0.027321,True
poesia,Antiquity (Archaic),3,15,102,2.247,0.008634,0.027677,True
materno,Early Modern,3,89,17,2.242,0.008508,0.027677,True
moderno,Early Modern,3,89,17,2.242,0.008508,0.027677,True
contexto,World Wars Era,4,312,10,1.958,0.008641,0.027677,True
documento,World Wars Era,4,312,10,1.958,0.008641,0.027677,True
excepcion,World Wars Era,4,312,10,1.958,0.008641,0.027677,True
positivo,World Wars Era,4,312,10,1.958,0.008641,0.027677,True
proyecto,World Wars Era,4,312,10,1.958,0.008641,0.027677,True
sensibilidad,World Wars Era,4,312,10,1.958,0.008641,0.027677,True
lugar,Contemporary,4,47,61,1.803,0.008718,0.027677,True
complicidad,Long 19th Century,6,494,14,1.538,0.008717,0.027677,True
metonimia,Long 19th Century,6,494,14,1.538,0.008717,0.027677,True
realista,Long 19th Century,6,494,14,1.538,0.008717,0.027677,True
unico,Long 19th Century,6,494,14,1.538,0.008717,0.027677,True
punto,World Wars Era,8,312,34,1.196,0.008769,0.02777,True
sufrimiento,Hellenistic/Roman,3,96,16,2.234,0.008805,0.027811,True
persecucion,Renaissance,3,66,23,2.21,0.008827,0.027812,True
procedimiento,Revolutionary Era,7,242,35,1.276,0.009062,0.028481,True
iron,Revolutionary Era,6,242,27,1.413,0.009144,0.028668,True
interior,Long 19th Century,9,494,27,1.143,0.009522,0.029703,True
simbolo,Long 19th Century,9,494,27,1.143,0.009522,0.029703,True
capital,Revolutionary Era,4,242,13,1.857,0.009926,0.03081,True
intencion,Revolutionary Era,4,242,13,1.857,0.009926,0.03081,True
estetico,Revolutionary Era,5,242,20,1.571,0.010234,0.031608,True
referencia,Revolutionary Era,5,242,20,1.571,0.010234,0.031608,True
interpretacion,Long 19th Century,13,494,46,0.904,0.01029,0.031704,True
procedimiento,World Wars Era,8,312,35,1.158,0.010506,0.032289,True
construccion,World Wars Era,5,312,16,1.59,0.010746,0.032707,True
popular,World Wars Era,5,312,16,1.59,0.010746,0.032707,True
tecnico,World Wars Era,5,312,16,1.59,0.010746,0.032707,True
verbal,World Wars Era,5,312,16,1.59,0.010746,0.032707,True
femenino,Long 19th Century,8,494,23,1.207,0.010837,0.032904,True
real,Renaissance,3,66,25,2.116,0.011159,0.033799,True
vacio,Renaissance,4,66,47,1.718,0.011463,0.034637,True
voz,Long 19th Century,17,494,66,0.776,0.011549,0.034812,True
letra,Long 19th Century,11,494,35,1.055,0.01161,0.034914,True
clasico,Early Modern,3,89,19,2.112,0.011685,0.034972,True
creacion,Early Modern,3,89,19,2.112,0.011685,0.034972,True
discursivo,World Wars Era,4,312,11,1.815,0.012633,0.036615,True
fracaso,World Wars Era,4,312,11,1.815,0.012633,0.036615,True
gesto,World Wars Era,4,312,11,1.815,0.012633,0.036615,True
dimension,Long 19th Century,5,494,11,1.638,0.012534,0.036615,True
fracaso,Long 19th Century,5,494,11,1.638,0.012534,0.036615,True
fragmentacion,Long 19th Century,5,494,11,1.638,0.012534,0.036615,True
pacto,Long 19th Century,5,494,11,1.638,0.012534,0.036615,True
temporal,Long 19th Century,5,494,11,1.638,0.012534,0.036615,True
nacion,Revolutionary Era,5,242,21,1.508,0.012686,0.036615,True
ambiguedad,Long 19th Century,6,494,15,1.427,0.012818,0.036615,True
aventura,Long 19th Century,6,494,15,1.427,0.012818,0.036615,True
categoria,Long 19th Century,6,494,15,1.427,0.012818,0.036615,True
copia,Long 19th Century,6,494,15,1.427,0.012818,0.036615,True
estilistico,Long 19th Century,6,494,15,1.427,0.012818,0.036615,True
libre,Long 19th Century,6,494,15,1.427,0.012818,0.036615,True
psicoanalisis,Long 19th Century,6,494,15,1.427,0.012818,0.036615,True
romanticismo,Long 19th Century,6,494,15,1.427,0.012818,0.036615,True
sobrenatural,Long 19th Century,6,494,15,1.427,0.012818,0.036615,True
narrativo,Long 19th Century,9,494,28,1.09,0.012314,0.036615,True
novela,Revolutionary Era,13,242,93,0.835,0.012327,0.036615,True
estetico,Early Modern,3,89,20,2.053,0.013496,0.038089,True
frances,Early Modern,3,89,20,2.053,0.013496,0.038089,True
significado,Early Modern,3,89,20,2.053,0.013496,0.038089,True
tradicion,Hellenistic/Roman,5,96,52,1.439,0.013485,0.038089,True
limite,World Wars Era,6,312,23,1.339,0.013516,0.038089,True
viaje,World Wars Era,6,312,23,1.339,0.013516,0.038089,True
iron,Renaissance,3,66,27,2.031,0.013814,0.038752,True
pecado,Renaissance,3,66,27,2.031,0.013814,0.038752,True
ciencia,Early Modern,4,89,37,1.662,0.013919,0.038875,True
teoria,Early Modern,4,89,37,1.662,0.013919,0.038875,True
cosa,World Wars Era,5,312,17,1.506,0.014129,0.039111,True
moderno,World Wars Era,5,312,17,1.506,0.014129,0.039111,True
pros,World Wars Era,5,312,17,1.506,0.014129,0.039111,True
unidad,World Wars Era,5,312,17,1.506,0.014129,0.039111,True
nacional,Revolutionary Era,7,242,38,1.175,0.014232,0.039309,True
clasico,Hellenistic/Roman,3,96,19,2.032,0.01435,0.039463,True
historia,Classical Antiquity,4,27,124,1.666,0.01433,0.039463,True
historia,Antiquity (Archaic),3,15,124,2.041,0.014726,0.040319,True
ciencia,World Wars Era,8,312,37,1.088,0.014723,0.040319,True
texto,Early Modern,6,89,79,1.256,0.01479,0.040406,True
moral,Contemporary,3,47,39,1.99,0.015065,0.041069,True
narrativo,Renaissance,3,66,28,1.99,0.015264,0.041522,True
misterio,Revolutionary Era,5,242,22,1.449,0.015508,0.042093,True
frances,Long 19th Century,7,494,20,1.219,0.016309,0.044171,True
ensayo,Renaissance,3,66,29,1.952,0.016798,0.044724,True
estetica,Renaissance,3,66,29,1.952,0.016798,0.044724,True
figura,Renaissance,3,66,29,1.952,0.016798,0.044724,True
simbolico,Renaissance,3,66,29,1.952,0.016798,0.044724,True
autor,Early Modern,4,89,39,1.603,0.016677,0.044724,True
clase,World Wars Era,6,312,24,1.283,0.016699,0.044724,True
dialogo,World Wars Era,6,312,24,1.283,0.016699,0.044724,True
sociedad,World Wars Era,11,312,58,0.918,0.016556,0.044724,True
critico,Early Modern,3,89,22,1.944,0.017574,0.046457,True
metafisico,Early Modern,3,89,22,1.944,0.017574,0.046457,True
diferencia,World Wars Era,4,312,12,1.69,0.017634,0.046457,True
humor,World Wars Era,4,312,12,1.69,0.017634,0.046457,True
juez,World Wars Era,4,312,12,1.69,0.017634,0.046457,True
discurso,Contemporary,5,47,114,1.367,0.017776,0.046634,True
apartamiento,Long 19th Century,10,494,32,1.048,0.017741,0.046634,True
valor,Revolutionary Era,6,242,31,1.241,0.018011,0.047151,True
cientifico,Long 19th Century,6,494,16,1.326,0.018102,0.047291,True
cuento,World Wars Era,5,312,18,1.429,0.01816,0.047344,True
fantastico,Renaissance,3,66,30,1.914,0.018416,0.047912,True
lector,Revolutionary Era,7,242,40,1.113,0.018676,0.048387,True
politica,Revolutionary Era,7,242,40,1.113,0.018676,0.048387,True
oro,Revolutionary Era,5,242,23,1.393,0.01872,0.048403,True
decadencia,Long 19th Century,5,494,12,1.495,0.019022,0.049082,True
autor,Long 19th Century,11,494,39,0.902,0.019135,0.049271,True
literario,Antiquity (Archaic),3,15,138,1.928,0.019618,0.050413,False
literatura,Renaissance,8,66,181,0.997,0.019912,0.051064,False
mirada,World Wars Era,8,312,39,1.021,0.020053,0.051318,False
personal,World Wars Era,6,312,25,1.23,0.020362,0.051899,False
posicion,World Wars Era,6,312,25,1.23,0.020362,0.051899,False
ley,World Wars Era,20,312,135,0.615,0.02077,0.05283,False
escritura,Early Modern,8,89,135,0.981,0.020996,0.053298,False
misterio,Hellenistic/Roman,3,96,22,1.865,0.021487,0.053617,False
construccion,Revolutionary Era,4,242,16,1.582,0.02142,0.053617,False
diario,Revolutionary Era,4,242,16,1.582,0.02142,0.053617,False
espiritual,Revolutionary Era,4,242,16,1.582,0.02142,0.053617,False
caracter,Early Modern,4,89,42,1.521,0.021419,0.053617,False
identidad,Early Modern,4,89,42,1.521,0.021419,0.053617,False
ideologico,Long 19th Century,7,494,21,1.147,0.021549,0.053617,False
mental,Long 19th Century,7,494,21,1.147,0.021549,0.053617,False
origen,Long 19th Century,7,494,21,1.147,0.021549,0.053617,False
obra,World Wars Era,10,312,51,0.96,0.021403,0.053617,False
punto,Long 19th Century,10,494,34,0.962,0.021722,0.05394,False
religioso,Early Modern,3,89,24,1.846,0.022265,0.055043,False
representacion,Early Modern,3,89,24,1.846,0.022265,0.055043,False
natural,Revolutionary Era,5,242,24,1.34,0.022342,0.055043,False
religioso,Revolutionary Era,5,242,24,1.34,0.022342,0.055043,False
modelo,World Wars Era,5,312,19,1.357,0.022883,0.056046,False
vista,World Wars Era,5,312,19,1.357,0.022883,0.056046,False
espacio,Early Modern,5,89,64,1.292,0.022883,0.056046,False
cuerpo,Contemporary,5,47,122,1.294,0.023166,0.056628,False
etico,Contemporary,3,47,46,1.812,0.023433,0.057023,False
imaginario,Long 19th Century,8,494,26,1.03,0.023464,0.057023,False
presente,Long 19th Century,8,494,26,1.03,0.023464,0.057023,False
contemporaneo,World Wars Era,4,312,13,1.578,0.023709,0.057066,False
detalle,World Wars Era,4,312,13,1.578,0.023709,0.057066,False
localizacion,World Wars Era,4,312,13,1.578,0.023709,0.057066,False
medio,World Wars Era,4,312,13,1.578,0.023709,0.057066,False
mito,World Wars Era,4,312,13,1.578,0.023709,0.057066,False
funcion,Revolutionary Era,7,242,42,1.054,0.024014,0.057468,False
identidad,Revolutionary Era,7,242,42,1.054,0.024014,0.057468,False
metafora,Revolutionary Era,7,242,42,1.054,0.024014,0.057468,False
dinero,Early Modern,5,89,65,1.275,0.024303,0.05805,False
efecto,World Wars Era,6,312,26,1.18,0.024536,0.058162,False
presente,World Wars Era,6,312,26,1.18,0.024536,0.058162,False
razon,World Wars Era,6,312,26,1.18,0.024536,0.058162,False
territorio,World Wars Era,6,312,26,1.18,0.024536,0.058162,False
palabra,Contemporary,5,47,124,1.277,0.024663,0.058229,False
fijo,Long 19th Century,6,494,17,1.235,0.024703,0.058229,False
oposicion,Long 19th Century,6,494,17,1.235,0.024703,0.058229,False
memorio,World Wars Era,11,312,63,0.816,0.025083,0.059014,False
lengua,Classical Antiquity,3,27,83,1.788,0.025414,0.05968,False
lugar,Long 19th Century,15,494,61,0.714,0.025708,0.060258,False
posicion,Revolutionary Era,5,242,25,1.29,0.02639,0.06174,False
circunstancia,Revolutionary Era,4,242,17,1.505,0.026518,0.061926,False
verbo,Hellenistic/Roman,3,96,24,1.766,0.027143,0.063266,False
democracia,Long 19th Century,5,494,13,1.369,0.027381,0.063349,False
mito,Long 19th Century,5,494,13,1.369,0.027381,0.063349,False
percepcion,Long 19th Century,5,494,13,1.369,0.027381,0.063349,False
verosimil,Long 19th Century,5,494,13,1.369,0.027381,0.063349,False
menor,Revolutionary Era,3,242,10,1.839,0.027732,0.063618,False
nobleza,Revolutionary Era,3,242,10,1.839,0.027732,0.063618,False
temporalidad,Revolutionary Era,3,242,10,1.839,0.027732,0.063618,False
imaginario,Early Modern,3,89,26,1.757,0.027573,0.063618,False
letra,Renaissance,3,66,35,1.746,0.027763,0.063618,False
censura,Long 19th Century,7,494,22,1.08,0.027852,0.063618,False
memoria,Long 19th Century,7,494,22,1.08,0.027852,0.063618,False
economico,World Wars Era,5,312,20,1.29,0.028334,0.064483,False
significado,World Wars Era,5,312,20,1.29,0.028334,0.064483,False
sentido,Classical Antiquity,3,27,87,1.739,0.028722,0.065249,False
complicidad,World Wars Era,4,312,14,1.478,0.030905,0.068958,False
comprension,World Wars Era,4,312,14,1.478,0.030905,0.068958,False
compromiso,World Wars Era,4,312,14,1.478,0.030905,0.068958,False
crisis,World Wars Era,4,312,14,1.478,0.030905,0.068958,False
invencion,World Wars Era,4,312,14,1.478,0.030905,0.068958,False
materialidad,World Wars Era,4,312,14,1.478,0.030905,0.068958,False
pintura,World Wars Era,4,312,14,1.478,0.030905,0.068958,False
teatro,World Wars Era,4,312,14,1.478,0.030905,0.068958,False
efecto,Revolutionary Era,5,242,26,1.242,0.030877,0.068958,False
lenguaje,Renaissance,5,66,93,1.211,0.030468,0.068958,False
alegoer,Revolutionary Era,4,242,18,1.433,0.032283,0.071906,False
artista,Long 19th Century,6,494,18,1.151,0.032736,0.072656,False
cuento,Long 19th Century,6,494,18,1.151,0.032736,0.072656,False
movimiento,World Wars Era,7,312,35,0.994,0.032825,0.072726,False
sentido,World Wars Era,14,312,87,0.715,0.033391,0.073848,False
cuerpo,World Wars Era,18,312,122,0.61,0.034026,0.07512,False
lenguaje,Classical Antiquity,3,27,93,1.668,0.034097,0.075146,False
arte,Renaissance,3,66,38,1.656,0.034379,0.075331,False
nacional,Renaissance,3,66,38,1.656,0.034379,0.075331,False
enigma,World Wars Era,5,312,21,1.228,0.034542,0.075331,False
nacion,World Wars Era,5,312,21,1.228,0.034542,0.075331,False
origen,World Wars Era,5,312,21,1.228,0.034542,0.075331,False
judio,Hellenistic/Roman,5,96,66,1.177,0.034318,0.075331,False
politico,Classical Antiquity,4,27,163,1.374,0.035205,0.076577,False
limite,Long 19th Century,7,494,23,1.017,0.035296,0.076577,False
musica,Long 19th Century,7,494,23,1.017,0.035296,0.076577,False
critica,Early Modern,4,89,49,1.352,0.035442,0.076661,False
traduccion,Renaissance,4,66,66,1.35,0.035457,0.076661,False
simbolo,Revolutionary Era,5,242,27,1.196,0.035816,0.077304,False
fuego,Revolutionary Era,3,242,11,1.713,0.036213,0.077625,False
medieval,Revolutionary Era,3,242,11,1.713,0.036213,0.077625,False
policial,Revolutionary Era,3,242,11,1.713,0.036213,0.077625,False
teorico,Revolutionary Era,3,242,11,1.713,0.036213,0.077625,False
retorico,Renaissance,3,66,39,1.628,0.036751,0.078645,False
palabra,Medieval,3,21,124,1.647,0.036863,0.07875,False
iron,Hellenistic/Roman,3,96,27,1.635,0.03697,0.078845,False
crisis,Long 19th Century,5,494,14,1.258,0.037749,0.079425,False
drama,Long 19th Century,5,494,14,1.258,0.037749,0.079425,False
epoca,Long 19th Century,5,494,14,1.258,0.037749,0.079425,False
invencion,Long 19th Century,5,494,14,1.258,0.037749,0.079425,False
materialidad,Long 19th Century,5,494,14,1.258,0.037749,0.079425,False
transgresion,Long 19th Century,5,494,14,1.258,0.037749,0.079425,False
zona,Long 19th Century,5,494,14,1.258,0.037749,0.079425,False
error,World Wars Era,7,312,36,0.959,0.037735,0.079425,False
proceso,Revolutionary Era,4,242,19,1.366,0.038725,0.081342,False
anormal,World Wars Era,4,312,15,1.386,0.039248,0.082028,False
fragmento,World Wars Era,4,312,15,1.386,0.039248,0.082028,False
negativo,World Wars Era,4,312,15,1.386,0.039248,0.082028,False
teoria,Revolutionary Era,6,242,37,1.028,0.040181,0.083838,False
castellano,Long 19th Century,4,494,10,1.435,0.041731,0.085229,False
creador,Long 19th Century,4,494,10,1.435,0.041731,0.085229,False
dictadura,Long 19th Century,4,494,10,1.435,0.041731,0.085229,False
pagina,Long 19th Century,4,494,10,1.435,0.041731,0.085229,False
patrio,Long 19th Century,4,494,10,1.435,0.041731,0.085229,False
protagonista,Long 19th Century,4,494,10,1.435,0.041731,0.085229,False
retorno,Long 19th Century,4,494,10,1.435,0.041731,0.085229,False
revelacion,Long 19th Century,4,494,10,1.435,0.041731,0.085229,False
sensibilidad,Long 19th Century,4,494,10,1.435,0.041731,0.085229,False
totalidad,Long 19th Century,4,494,10,1.435,0.041731,0.085229,False
censura,World Wars Era,5,312,22,1.168,0.04153,0.085229,False
operacion,World Wars Era,5,312,22,1.168,0.04153,0.085229,False
imagen,Revolutionary Era,7,242,47,0.921,0.041724,0.085229,False
creacion,Long 19th Century,6,494,19,1.074,0.042288,0.086087,False
modelo,Long 19th Century,6,494,19,1.074,0.042288,0.086087,False
sociedad,Contemporary,3,47,58,1.565,0.042585,0.086549,False
orden,Long 19th Century,13,494,151,-0.552,0.042742,0.08673,False
trabajo,Early Modern,3,89,31,1.562,0.043519,0.088164,False
mundo,Hellenistic/Roman,6,96,94,0.983,0.043933,0.088858,False
existencia,Long 19th Century,8,494,27,0.977,0.045011,0.090746,False
objeto,Long 19th Century,8,494,27,0.977,0.045011,0.090746,False
tiempo,Classical Antiquity,3,27,104,1.55,0.045229,0.091038,False
voz,World Wars Era,11,312,66,0.759,0.045412,0.09126,False
empresa,Revolutionary Era,3,242,12,1.602,0.045863,0.091434,False
especie,Revolutionary Era,3,242,12,1.602,0.045863,0.091434,False
filosofo,Revolutionary Era,3,242,12,1.602,0.045863,0.091434,False
heroe,Revolutionary Era,3,242,12,1.602,0.045863,0.091434,False
escritura,Medieval,3,21,135,1.557,0.04568,0.091434,False
fantastico,World Wars Era,6,312,30,1.0,0.046786,0.093126,False
estetica,Revolutionary Era,5,242,29,1.11,0.047083,0.093421,False
simbolico,Revolutionary Era,5,242,29,1.11,0.047083,0.093421,False
intelectual,Long 19th Century,13,494,54,0.687,0.04741,0.09392,False
argumentacion,World Wars Era,4,312,16,1.303,0.048748,0.095516,False
felicidad,World Wars Era,4,312,16,1.303,0.048748,0.095516,False
filosofico,World Wars Era,4,312,16,1.303,0.048748,0.095516,False
grupo,World Wars Era,4,312,16,1.303,0.048748,0.095516,False
internacional,World Wars Era,4,312,16,1.303,0.048748,0.095516,False
opinion,World Wars Era,4,312,16,1.303,0.048748,0.095516,False
romantico,World Wars Era,4,312,16,1.303,0.048748,0.095516,False
literatura,Classical Antiquity,4,27,181,1.261,0.048841,0.095548,False
erotico,World Wars Era,5,312,23,1.113,0.049311,0.096168,False
femenino,World Wars Era,5,312,23,1.113,0.049311,0.096168,False
ocaso,Long 19th Century,8,494,28,0.926,0.049574,0.096531,False
amistad,Long 19th Century,5,494,15,1.157,0.050214,0.097324,False
cita,Long 19th Century,5,494,15,1.157,0.050214,0.097324,False
fragmento,Long 19th Century,5,494,15,1.157,0.050214,0.097324,False
sueno,Long 19th Century,15,494,66,0.61,0.050847,0.098399,False
castellano,World Wars Era,3,312,10,1.56,0.053419,0.101811,False
eterno,World Wars Era,3,312,10,1.56,0.053419,0.101811,False
homosexualidad,World Wars Era,3,312,10,1.56,0.053419,0.101811,False
maravilloso,World Wars Era,3,312,10,1.56,0.053419,0.101811,False
menor,World Wars Era,3,312,10,1.56,0.053419,0.101811,False
protagonista,World Wars Era,3,312,10,1.56,0.053419,0.101811,False
retorno,World Wars Era,3,312,10,1.56,0.053419,0.101811,False
situacion,World Wars Era,3,312,10,1.56,0.053419,0.101811,False
eternidad,Long 19th Century,6,494,20,1.002,0.053422,0.101811,False
imaginacion,Long 19th Century,6,494,20,1.002,0.053422,0.101811,False
enigma,Revolutionary Era,4,242,21,1.244,0.05365,0.101936,False
ideologico,Revolutionary Era,4,242,21,1.244,0.05365,0.101936,False
social,Revolutionary Era,9,242,69,0.758,0.054246,0.102911,False
narrador,Long 19th Century,10,494,38,0.809,0.05612,0.106306,False
contradiccion,Revolutionary Era,3,242,13,1.501,0.056644,0.107136,False
conocimiento,Hellenistic/Roman,3,96,32,1.448,0.056831,0.107167,False
novela,Unknown,3,33,93,1.447,0.056748,0.107167,False
natural,World Wars Era,5,312,24,1.06,0.057893,0.108843,False
traicion,World Wars Era,5,312,24,1.06,0.057893,0.108843,False
cancion,Long 19th Century,4,494,11,1.292,0.058415,0.109331,False
mistico,Long 19th Century,4,494,11,1.292,0.058415,0.109331,False
reflexion,Long 19th Century,4,494,11,1.292,0.058415,0.109331,False
movimiento,Early Modern,3,89,35,1.43,0.058937,0.110145,False
actividad,World Wars Era,4,312,17,1.225,0.059401,0.110517,False
paisaje,World Wars Era,4,312,17,1.225,0.059401,0.110517,False
particular,World Wars Era,4,312,17,1.225,0.059401,0.110517,False
mirada,Long 19th Century,10,494,39,0.775,0.059848,0.111019,False
retorico,Long 19th Century,10,494,39,0.775,0.059848,0.111019,False
trabajo,Revolutionary Era,5,242,31,1.031,0.06023,0.111564,False
metafisico,Revolutionary Era,4,242,22,1.188,0.062127,0.114569,False
operacion,Revolutionary Era,4,242,22,1.188,0.062127,0.114569,False
interpretacion,World Wars Era,8,312,46,0.818,0.062111,0.114569,False
cultural,Long 19th Century,12,494,50,0.684,0.062731,0.115513,False
cultura,Revolutionary Era,8,242,59,0.807,0.063258,0.116313,False
amoroso,Long 19th Century,5,494,16,1.066,0.064811,0.117617,False
argumentacion,Long 19th Century,5,494,16,1.066,0.064811,0.117617,False
construccion,Long 19th Century,5,494,16,1.066,0.064811,0.117617,False
familiar,Long 19th Century,5,494,16,1.066,0.064811,0.117617,False
felicidad,Long 19th Century,5,494,16,1.066,0.064811,0.117617,False
filosofico,Long 19th Century,5,494,16,1.066,0.064811,0.117617,False
produccion,Long 19th Century,5,494,16,1.066,0.064811,0.117617,False
romantico,Long 19th Century,5,494,16,1.066,0.064811,0.117617,False
verbal,Long 19th Century,5,494,16,1.066,0.064811,0.117617,False
social,Contemporary,3,47,69,1.381,0.065295,0.118323,False
palabra,Long 19th Century,25,494,124,0.454,0.065434,0.118404,False
espiritu,Early Modern,4,89,60,1.132,0.066133,0.119497,False
argentino,Revolutionary Era,8,242,60,0.787,0.066635,0.120231,False
politico,Contemporary,5,47,163,0.982,0.066904,0.120542,False
estructura,World Wars Era,5,312,25,1.009,0.067276,0.121039,False
cao,World Wars Era,3,312,11,1.435,0.068713,0.12119,False
colectivo,World Wars Era,3,312,11,1.435,0.068713,0.12119,False
fragmentacion,World Wars Era,3,312,11,1.435,0.068713,0.12119,False
geografico,World Wars Era,3,312,11,1.435,0.068713,0.12119,False
jurisprudencia,World Wars Era,3,312,11,1.435,0.068713,0.12119,False
modernismo,World Wars Era,3,312,11,1.435,0.068713,0.12119,False
pacto,World Wars Era,3,312,11,1.435,0.068713,0.12119,False
complicidad,Revolutionary Era,3,242,14,1.41,0.068506,0.12119,False
comprension,Revolutionary Era,3,242,14,1.41,0.068506,0.12119,False
epoca,Revolutionary Era,3,242,14,1.41,0.068506,0.12119,False
linguistico,Revolutionary Era,3,242,14,1.41,0.068506,0.12119,False
practica,Revolutionary Era,3,242,14,1.41,0.068506,0.12119,False
progreso,Revolutionary Era,3,242,14,1.41,0.068506,0.12119,False
cultural,Renaissance,3,66,50,1.362,0.068118,0.12119,False
traicion,Long 19th Century,7,494,24,0.958,0.068866,0.12129,False
palabra,Classical Antiquity,3,27,124,1.364,0.069548,0.122318,False
sentido,Early Modern,5,89,87,0.959,0.070475,0.123776,False
hijo,Hellenistic/Roman,3,96,35,1.35,0.070726,0.124043,False
acontecimiento,Revolutionary Era,4,242,23,1.135,0.071265,0.124813,False
enunciacion,Renaissance,3,66,51,1.341,0.071426,0.124921,False
narrador,Early Modern,3,89,38,1.341,0.071965,0.125688,False
practico,Long 19th Century,7,494,25,0.902,0.075208,0.131169,False
filosofia,Hellenistic/Roman,3,96,36,1.319,0.075668,0.131789,False
retorico,Early Modern,3,89,39,1.312,0.076572,0.133178,False
comunidad,Long 19th Century,4,494,12,1.166,0.078111,0.134548,False
empresa,Long 19th Century,4,494,12,1.166,0.078111,0.134548,False
gocir,Long 19th Century,4,494,12,1.166,0.078111,0.134548,False
revista,Long 19th Century,4,494,12,1.166,0.078111,0.134548,False
significacion,Long 19th Century,4,494,12,1.166,0.078111,0.134548,False
suicidio,Long 19th Century,4,494,12,1.166,0.078111,0.134548,False
alma,Long 19th Century,6,494,82,-0.682,0.077556,0.134548,False
humano,Early Modern,4,89,64,1.063,0.079881,0.137409,False
cuerpo,Renaissance,5,66,122,0.919,0.080187,0.137746,False
estilistico,Revolutionary Era,3,242,15,1.326,0.081389,0.137933,False
libre,Revolutionary Era,3,242,15,1.326,0.081389,0.137933,False
sobrenatural,Revolutionary Era,3,242,15,1.326,0.081389,0.137933,False
lector,Early Modern,3,89,40,1.285,0.081307,0.137933,False
politica,Early Modern,3,89,40,1.285,0.081307,0.137933,False
intelectual,Renaissance,3,66,54,1.28,0.081778,0.137933,False
pensamiento,Renaissance,3,66,54,1.28,0.081778,0.137933,False
clase,Revolutionary Era,4,242,24,1.085,0.081049,0.137933,False
materno,Long 19th Century,5,494,17,0.982,0.081523,0.137933,False
moderno,Long 19th Century,5,494,17,0.982,0.081523,0.137933,False
pros,Long 19th Century,5,494,17,0.982,0.081523,0.137933,False
seduccion,Long 19th Century,5,494,17,0.982,0.081523,0.137933,False
cultural,Revolutionary Era,7,242,50,0.849,0.081997,0.137933,False
movimiento,Long 19th Century,9,494,35,0.781,0.082056,0.137933,False
procedimiento,Long 19th Century,9,494,35,0.781,0.082056,0.137933,False
sueno,World Wars Era,10,312,66,0.647,0.081849,0.137933,False
sujeto,Revolutionary Era,5,242,34,0.923,0.083469,0.140121,False
culpa,World Wars Era,4,312,19,1.087,0.084064,0.140743,False
malo,World Wars Era,4,312,19,1.087,0.084064,0.140743,False
civilizacion,World Wars Era,3,312,12,1.323,0.085739,0.141284,False
comunidad,World Wars Era,3,312,12,1.323,0.085739,0.141284,False
empresa,World Wars Era,3,312,12,1.323,0.085739,0.141284,False
erotismo,World Wars Era,3,312,12,1.323,0.085739,0.141284,False
especie,World Wars Era,3,312,12,1.323,0.085739,0.141284,False
revista,World Wars Era,3,312,12,1.323,0.085739,0.141284,False
suicidio,World Wars Era,3,312,12,1.323,0.085739,0.141284,False
escritura,Classical Antiquity,3,27,135,1.274,0.085031,0.141284,False
lector,World Wars Era,7,312,40,0.831,0.084801,0.141284,False
narracion,World Wars Era,7,312,40,0.831,0.084801,0.141284,False
obra,Revolutionary Era,7,242,51,0.826,0.08533,0.141284,False
sociedad,Long 19th Century,13,494,58,0.593,0.085411,0.141284,False
escritor,Early Modern,3,89,41,1.259,0.086166,0.141801,False
relato,Long 19th Century,18,494,87,0.487,0.086748,0.142572,False
judio,Early Modern,4,89,66,1.03,0.087251,0.143024,False
sueno,Early Modern,4,89,66,1.03,0.087251,0.143024,False
existencia,World Wars Era,5,312,27,0.916,0.088408,0.144648,False
esencia,Long 19th Century,11,494,47,0.652,0.088473,0.144648,False
literatura,Unknown,4,33,181,1.032,0.089728,0.146508,False
historico,Hellenistic/Roman,4,96,62,1.016,0.090519,0.147608,False
metafora,Early Modern,3,89,42,1.233,0.091147,0.14818,False
retorico,Hellenistic/Roman,3,96,39,1.233,0.091376,0.14818,False
estructura,Revolutionary Era,4,242,25,1.037,0.091461,0.14818,False
conciencia,Early Modern,4,89,67,1.014,0.091057,0.14818,False
mundo,Early Modern,5,89,94,0.875,0.091323,0.14818,False
lectura,Contemporary,3,47,80,1.224,0.092515,0.149696,False
abismo,Revolutionary Era,3,242,16,1.249,0.095228,0.152511,False
argumentacion,Revolutionary Era,3,242,16,1.249,0.095228,0.152511,False
cientifico,Revolutionary Era,3,242,16,1.249,0.095228,0.152511,False
filosofico,Revolutionary Era,3,242,16,1.249,0.095228,0.152511,False
produccion,Revolutionary Era,3,242,16,1.249,0.095228,0.152511,False
universal,Revolutionary Era,3,242,16,1.249,0.095228,0.152511,False
verbal,Revolutionary Era,3,242,16,1.249,0.095228,0.152511,False
genero,World Wars Era,11,312,74,0.622,0.095105,0.152511,False
funcion,World Wars Era,7,312,42,0.772,0.095946,0.153464,False
sociedad,Renaissance,3,66,58,1.204,0.096527,0.154198,False
pensamiento,Revolutionary Era,7,242,54,0.759,0.097817,0.156059,False
imaginacion,World Wars Era,4,312,20,1.024,0.097997,0.156147,False
continuidad,Long 19th Century,4,494,13,1.055,0.100658,0.158574,False
contradiccion,Long 19th Century,4,494,13,1.055,0.100658,0.158574,False
identificacion,Long 19th Century,4,494,13,1.055,0.100658,0.158574,False
liberacion,Long 19th Century,4,494,13,1.055,0.100658,0.158574,False
localizacion,Long 19th Century,4,494,13,1.055,0.100658,0.158574,False
posibilidad,Long 19th Century,4,494,13,1.055,0.100658,0.158574,False
presencia,Long 19th Century,4,494,13,1.055,0.100658,0.158574,False
escena,World Wars Era,5,312,28,0.872,0.100125,0.158574,False
humano,Long 19th Century,14,494,64,0.561,0.100534,0.158574,False
imaginario,Revolutionary Era,4,242,26,0.991,0.102476,0.161033,False
juicio,Revolutionary Era,4,242,26,0.991,0.102476,0.161033,False
europeo,World Wars Era,3,312,13,1.223,0.104348,0.163362,False
intencion,World Wars Era,3,312,13,1.223,0.104348,0.163362,False
verosimil,World Wars Era,3,312,13,1.223,0.104348,0.163362,False
desierto,Long 19th Century,7,494,28,0.751,0.104786,0.163639,False
escena,Long 19th Century,7,494,28,0.751,0.104786,0.163639,False
absoluto,Long 19th Century,6,494,21,0.935,0.105765,0.164961,False
funcion,Hellenistic/Roman,3,96,42,1.153,0.108318,0.168734,False
antiguo,Revolutionary Era,3,242,17,1.177,0.109951,0.170221,False
cosa,Revolutionary Era,3,242,17,1.177,0.109951,0.170221,False
moderno,Revolutionary Era,3,242,17,1.177,0.109951,0.170221,False
oposicion,Revolutionary Era,3,242,17,1.177,0.109951,0.170221,False
pobre,Revolutionary Era,3,242,17,1.177,0.109951,0.170221,False
historia,Unknown,3,33,124,1.144,0.111487,0.172386,False
delirio,World Wars Era,4,312,21,0.965,0.112927,0.173755,False
dominio,World Wars Era,4,312,21,0.965,0.112927,0.173755,False
general,World Wars Era,4,312,21,0.965,0.112927,0.173755,False
signo,World Wars Era,4,312,21,0.965,0.112927,0.173755,False
lugar,World Wars Era,9,312,61,0.618,0.113463,0.174366,False
memorio,Renaissance,3,66,63,1.116,0.116369,0.178613,False
texto,Revolutionary Era,9,242,79,0.602,0.117546,0.180199,False
honor,World Wars Era,3,312,14,1.132,0.124378,0.188731,False
institucion,World Wars Era,3,312,14,1.132,0.124378,0.188731,False
masculino,World Wars Era,3,312,14,1.132,0.124378,0.188731,False
metonimia,World Wars Era,3,312,14,1.132,0.124378,0.188731,False
organizacion,World Wars Era,3,312,14,1.132,0.124378,0.188731,False
realista,World Wars Era,3,312,14,1.132,0.124378,0.188731,False
transgresion,World Wars Era,3,312,14,1.132,0.124378,0.188731,False
unico,World Wars Era,3,312,14,1.132,0.124378,0.188731,False
generacion,Revolutionary Era,3,242,18,1.11,0.125485,0.188731,False
comprension,Long 19th Century,4,494,14,0.954,0.125821,0.188731,False
contemplacion,Long 19th Century,4,494,14,0.954,0.125821,0.188731,False
pintura,Long 19th Century,4,494,14,0.954,0.125821,0.188731,False
practica,Long 19th Century,4,494,14,0.954,0.125821,0.188731,False
progreso,Long 19th Century,4,494,14,0.954,0.125821,0.188731,False
psicologico,Long 19th Century,4,494,14,0.954,0.125821,0.188731,False
acontecimiento,Long 19th Century,6,494,23,0.813,0.125589,0.188731,False
comun,World Wars Era,6,312,35,0.813,0.124606,0.188731,False
pais,Long 19th Century,6,494,23,0.813,0.125589,0.188731,False
libertad,Revolutionary Era,6,242,45,0.799,0.127145,0.190489,False
judio,Renaissance,3,66,66,1.067,0.128958,0.192546,False
personaje,Early Modern,3,89,49,1.067,0.129128,0.192546,False
memoria,World Wars Era,4,312,22,0.909,0.128793,0.192546,False
relato,Revolutionary Era,10,242,87,0.61,0.129132,0.192546,False
lenguaje,Contemporary,3,47,93,1.066,0.129729,0.193206,False
filosofia,World Wars Era,6,312,36,0.779,0.131351,0.195391,False
etico,Revolutionary Era,6,242,46,0.774,0.132177,0.196386,False
relacion,World Wars Era,8,312,52,0.672,0.134439,0.19951,False
muerte,Hellenistic/Roman,8,96,166,0.669,0.136471,0.202287,False
militar,World Wars Era,12,312,90,0.492,0.136934,0.202733,False
dialogo,Long 19th Century,6,494,24,0.757,0.13895,0.205233,False
ilusion,Long 19th Century,6,494,24,0.757,0.13895,0.205233,False
literario,Unknown,3,33,138,1.03,0.141105,0.208171,False
modelo,Revolutionary Era,3,242,19,1.048,0.141753,0.208391,False
papel,Revolutionary Era,3,242,19,1.048,0.141753,0.208391,False
verosimilitud,Revolutionary Era,3,242,19,1.048,0.141753,0.208391,False
social,Renaissance,3,66,69,1.02,0.142013,0.20853,False
orden,World Wars Era,8,312,151,-0.531,0.14306,0.209821,False
cuerpo,Revolutionary Era,4,242,122,-0.701,0.143524,0.210257,False
ambiguedad,World Wars Era,3,312,15,1.048,0.145661,0.210437,False
cadena,World Wars Era,3,312,15,1.048,0.145661,0.210437,False
copia,World Wars Era,3,312,15,1.048,0.145661,0.210437,False
original,World Wars Era,3,312,15,1.048,0.145661,0.210437,False
psicoanalisis,World Wars Era,3,312,15,1.048,0.145661,0.210437,False
romanticismo,World Wars Era,3,312,15,1.048,0.145661,0.210437,False
sobrenatural,World Wars Era,3,312,15,1.048,0.145661,0.210437,False
espanol,World Wars Era,4,312,23,0.856,0.145526,0.210437,False
musica,World Wars Era,4,312,23,0.856,0.145526,0.210437,False
pais,World Wars Era,4,312,23,0.856,0.145526,0.210437,False
debido,World Wars Era,8,312,54,0.627,0.144509,0.210437,False
cuerpo,Long 19th Century,23,494,122,0.368,0.145605,0.210437,False
relacion,Early Modern,3,89,52,1.004,0.146885,0.211717,False
palabra,World Wars Era,16,312,124,0.45,0.146793,0.211717,False
fantastico,Revolutionary Era,4,242,30,0.826,0.152018,0.218863,False
responsabilidad,World Wars Era,3,312,75,-0.729,0.15304,0.220082,False
filosofia,Long 19th Century,8,494,36,0.594,0.155741,0.22371,False
aleman,Long 19th Century,3,494,10,1.039,0.159503,0.224738,False
apartado,Long 19th Century,3,494,10,1.039,0.159503,0.224738,False
comentario,Long 19th Century,3,494,10,1.039,0.159503,0.224738,False
democratico,Long 19th Century,3,494,10,1.039,0.159503,0.224738,False
frontera,Long 19th Century,3,494,10,1.039,0.159503,0.224738,False
imposibilidad,Long 19th Century,3,494,10,1.039,0.159503,0.224738,False
intimo,Long 19th Century,3,494,10,1.039,0.159503,0.224738,False
paso,Long 19th Century,3,494,10,1.039,0.159503,0.224738,False
positivo,Long 19th Century,3,494,10,1.039,0.159503,0.224738,False
temporalidad,Long 19th Century,3,494,10,1.039,0.159503,0.224738,False
vocacion,Long 19th Century,3,494,10,1.039,0.159503,0.224738,False
frase,Revolutionary Era,3,242,20,0.988,0.158677,0.224738,False
maquina,Revolutionary Era,3,242,20,0.988,0.158677,0.224738,False
significado,Revolutionary Era,3,242,20,0.988,0.158677,0.224738,False
moral,World Wars Era,6,312,39,0.684,0.156715,0.224738,False
amor,Long 19th Century,11,494,52,0.522,0.159379,0.224738,False
relacion,Long 19th Century,11,494,52,0.522,0.159379,0.224738,False
expresion,Long 19th Century,5,494,18,0.905,0.163168,0.228874,False
ingles,Long 19th Century,5,494,18,0.905,0.163168,0.228874,False
religion,Long 19th Century,5,494,18,0.905,0.163168,0.228874,False
secreto,Long 19th Century,5,494,18,0.905,0.163168,0.228874,False
genero,Renaissance,3,66,74,0.946,0.164705,0.230771,False
estilo,Hellenistic/Roman,3,96,51,0.945,0.165396,0.231222,False
ficcion,Early Modern,3,89,55,0.944,0.165393,0.231222,False
libro,Revolutionary Era,4,242,31,0.789,0.165616,0.231272,False
pueblo,Long 19th Century,9,494,40,0.606,0.166116,0.231713,False
pueblo,World Wars Era,6,312,40,0.655,0.166736,0.232319,False
economia,World Wars Era,3,312,16,0.971,0.168026,0.233338,False
exterior,World Wars Era,3,312,16,0.971,0.168026,0.233338,False
familiar,World Wars Era,3,312,16,0.971,0.168026,0.233338,False
tradicion,Revolutionary Era,6,242,52,0.634,0.172885,0.239821,False
figura,Long 19th Century,7,494,29,0.705,0.173753,0.240758,False
ideal,Long 19th Century,5,494,19,0.833,0.174899,0.242079,False
origen,Revolutionary Era,3,242,21,0.932,0.176182,0.243585,False
figura,World Wars Era,5,312,29,0.83,0.17722,0.244751,False
naturaleza,Revolutionary Era,5,242,37,0.825,0.17904,0.246993,False
acto,Long 19th Century,9,494,42,0.544,0.181378,0.249668,False
destino,Long 19th Century,9,494,42,0.544,0.181378,0.249668,False
recordar,Long 19th Century,7,494,30,0.661,0.182106,0.250396,False
arte,Revolutionary Era,5,242,38,0.794,0.184197,0.252716,False
narrador,Revolutionary Era,5,242,38,0.794,0.184197,0.252716,False
sociedad,Early Modern,3,89,58,0.888,0.184556,0.252932,False
economico,Long 19th Century,5,494,20,0.766,0.189723,0.259107,False
linea,Long 19th Century,5,494,20,0.766,0.189723,0.259107,False
negro,Long 19th Century,5,494,20,0.766,0.189723,0.259107,False
autor,Revolutionary Era,5,242,39,0.765,0.190094,0.259107,False
moral,Revolutionary Era,5,242,39,0.765,0.190094,0.259107,False
tiempo,Early Modern,5,89,104,0.766,0.19066,0.259595,False
conducta,World Wars Era,3,312,17,0.899,0.191302,0.259906,False
normal,World Wars Era,3,312,17,0.899,0.191302,0.259906,False
censura,Revolutionary Era,3,242,22,0.88,0.19419,0.262896,False
material,Revolutionary Era,3,242,22,0.88,0.19419,0.262896,False
politico,Early Modern,7,89,163,0.63,0.194106,0.262896,False
sangre,Long 19th Century,3,494,44,-0.684,0.194342,0.262896,False
cambio,Long 19th Century,3,494,11,0.913,0.197411,0.263355,False
cao,Long 19th Century,3,494,11,0.913,0.197411,0.263355,False
colectivo,Long 19th Century,3,494,11,0.913,0.197411,0.263355,False
fantasma,Long 19th Century,3,494,11,0.913,0.197411,0.263355,False
geografico,Long 19th Century,3,494,11,0.913,0.197411,0.263355,False
gesto,Long 19th Century,3,494,11,0.913,0.197411,0.263355,False
gloria,Long 19th Century,3,494,11,0.913,0.197411,0.263355,False
medida,Long 19th Century,3,494,11,0.913,0.197411,0.263355,False
nino,Long 19th Century,3,494,11,0.913,0.197411,0.263355,False
poetizar,Long 19th Century,3,494,11,0.913,0.197411,0.263355,False
sentimiento,Long 19th Century,3,494,11,0.913,0.197411,0.263355,False
pueblo,Revolutionary Era,5,242,40,0.736,0.196693,0.263355,False
azul,Long 19th Century,3,494,45,-0.708,0.195371,0.263355,False
exilio,Hellenistic/Roman,3,96,56,0.845,0.200277,0.266327,False
sentido,Revolutionary Era,9,242,87,0.492,0.199859,0.266327,False
hombre,World Wars Era,9,312,68,0.491,0.200104,0.266327,False
conocimiento,Long 19th Century,7,494,32,0.579,0.204959,0.271977,False
muerto,Long 19th Century,7,494,32,0.579,0.204959,0.271977,False
sendero,Long 19th Century,5,494,21,0.703,0.207293,0.274784,False
judio,Long 19th Century,13,494,66,0.429,0.210871,0.279232,False
guerra,Revolutionary Era,3,242,93,-0.678,0.211582,0.279878,False
interes,Revolutionary Era,3,242,23,0.829,0.212629,0.280375,False
musica,Revolutionary Era,3,242,23,0.829,0.212629,0.280375,False
persecucion,Revolutionary Era,3,242,23,0.829,0.212629,0.280375,False
autoridad,World Wars Era,5,312,33,0.677,0.213308,0.280975,False
ciego,World Wars Era,3,312,18,0.832,0.215326,0.282151,False
generacion,World Wars Era,3,312,18,0.832,0.215326,0.282151,False
ingles,World Wars Era,3,312,18,0.832,0.215326,0.282151,False
religion,World Wars Era,3,312,18,0.832,0.215326,0.282151,False
secreto,World Wars Era,3,312,18,0.832,0.215326,0.282151,False
accion,Revolutionary Era,5,242,43,0.654,0.220307,0.288377,False
pasion,World Wars Era,5,312,34,0.642,0.224907,0.294091,False
critico,Long 19th Century,5,494,22,0.644,0.227267,0.296868,False
relato,Renaissance,3,66,87,0.775,0.228001,0.297516,False
belleza,Revolutionary Era,3,242,24,0.781,0.231426,0.301359,False
humanidad,Revolutionary Era,3,242,24,0.781,0.231426,0.301359,False
historia,Contemporary,3,47,124,0.762,0.234373,0.30488,False
pensamiento,Long 19th Century,11,494,54,0.475,0.234699,0.304987,False
verosimilitud,World Wars Era,3,312,19,0.769,0.239938,0.311472,False
interpretacion,Revolutionary Era,5,242,46,0.578,0.248844,0.3227,False
hombre,Early Modern,3,89,68,0.719,0.251975,0.326423,False
espectador,Long 19th Century,4,494,15,0.863,0.253139,0.326581,False
original,Long 19th Century,4,494,15,0.863,0.253139,0.326581,False
repeticion,Long 19th Century,4,494,15,0.863,0.253139,0.326581,False
politico,Long 19th Century,28,494,163,0.25,0.252366,0.326581,False
novela,Renaissance,3,66,93,0.704,0.258688,0.333396,False
ilusion,World Wars Era,4,312,24,0.805,0.266888,0.343611,False
abismo,Long 19th Century,4,494,16,0.779,0.268392,0.343783,False
elemento,Long 19th Century,4,494,16,0.779,0.268392,0.343783,False
espiritual,Long 19th Century,4,494,16,0.779,0.268392,0.343783,False
opinion,Long 19th Century,4,494,16,0.779,0.268392,0.343783,False
metafora,World Wars Era,6,312,42,0.598,0.267699,0.343783,False
analisis,Long 19th Century,6,494,28,0.56,0.274249,0.35057,False
forma,Long 19th Century,6,494,28,0.56,0.274249,0.35057,False
practico,World Wars Era,4,312,25,0.757,0.275746,0.351766,False
humano,World Wars Era,3,312,64,-0.561,0.275524,0.351766,False
mujer,World Wars Era,4,312,26,0.712,0.286088,0.364587,False
alma,Hellenistic/Roman,4,96,82,0.716,0.287417,0.364799,False
caballo,Long 19th Century,4,494,17,0.702,0.287341,0.364799,False
particular,Long 19th Century,4,494,17,0.702,0.287341,0.364799,False
salvacion,Long 19th Century,4,494,17,0.702,0.287341,0.364799,False
simbolico,Long 19th Century,6,494,29,0.516,0.289132,0.366604,False
poesia,World Wars Era,12,312,102,0.346,0.292917,0.371028,False
pasion,Revolutionary Era,4,242,34,0.684,0.293719,0.371668,False
objeto,World Wars Era,4,312,27,0.668,0.297756,0.376398,False
muerte,Long 19th Century,28,494,166,0.227,0.306102,0.386557,False
escrito,Long 19th Century,4,494,18,0.63,0.309348,0.389481,False
generacion,Long 19th Century,4,494,18,0.63,0.309348,0.389481,False
imagen,World Wars Era,6,312,47,0.468,0.309135,0.389481,False
simbolico,World Wars Era,4,312,29,0.585,0.324483,0.408127,False
poesia,Early Modern,4,89,102,0.564,0.332222,0.417441,False
descripcion,Long 19th Century,4,494,19,0.563,0.333823,0.418196,False
papel,Long 19th Century,4,494,19,0.563,0.333823,0.418196,False
verso,Long 19th Century,4,494,19,0.563,0.333823,0.418196,False
vida,Long 19th Century,8,494,82,-0.383,0.33496,0.419202,False
condicion,World Wars Era,4,312,30,0.547,0.339264,0.424002,False
error,Long 19th Century,7,494,36,0.432,0.339472,0.424002,False
poetico,Revolutionary Era,4,242,39,0.531,0.345372,0.430942,False
muerte,Revolutionary Era,8,242,166,-0.352,0.34695,0.432481,False
naturaleza,Long 19th Century,3,494,37,-0.497,0.352208,0.438599,False
experiencia,World Wars Era,4,312,31,0.509,0.354816,0.440534,False
trabajo,World Wars Era,4,312,31,0.509,0.354816,0.440534,False
valor,World Wars Era,4,312,31,0.509,0.354816,0.440534,False
universo,Long 19th Century,5,494,23,0.588,0.36093,0.447682,False
natural,Long 19th Century,5,494,24,0.535,0.372941,0.461211,False
religioso,Long 19th Century,5,494,24,0.535,0.372941,0.461211,False
verbo,Long 19th Century,5,494,24,0.535,0.372941,0.461211,False
vacio,Revolutionary Era,5,242,47,0.554,0.376559,0.464838,False
conciencia,Long 19th Century,12,494,67,0.312,0.376615,0.464838,False
arte,World Wars Era,5,312,38,0.514,0.383406,0.471363,False
juridico,World Wars Era,5,312,38,0.514,0.383406,0.471363,False
luz,World Wars Era,5,312,38,0.514,0.383406,0.471363,False
violencia,World Wars Era,5,312,38,0.514,0.383406,0.471363,False
critica,Revolutionary Era,5,242,49,0.507,0.387002,0.474497,False
sistema,Revolutionary Era,5,242,49,0.507,0.387002,0.474497,False
locura,Long 19th Century,5,494,25,0.485,0.387468,0.474497,False
media,Long 19th Century,5,494,25,0.485,0.387468,0.474497,False
cuadro,Long 19th Century,3,494,12,0.802,0.395582,0.480212,False
deseo,Long 19th Century,3,494,12,0.802,0.395582,0.480212,False
diferencia,Long 19th Century,3,494,12,0.802,0.395582,0.480212,False
fuente,Long 19th Century,3,494,12,0.802,0.395582,0.480212,False
odio,Long 19th Century,3,494,12,0.802,0.395582,0.480212,False
ritmo,Long 19th Century,3,494,12,0.802,0.395582,0.480212,False
subversion,Long 19th Century,3,494,12,0.802,0.395582,0.480212,False
hecho,Long 19th Century,4,494,45,-0.43,0.392563,0.480212,False
fuerza,Long 19th Century,4,494,46,-0.455,0.393991,0.480212,False
muerte,World Wars Era,18,312,166,0.244,0.402283,0.487876,False
efecto,Long 19th Century,5,494,26,0.437,0.404146,0.488245,False
mujer,Long 19th Century,5,494,26,0.437,0.404146,0.488245,False
razon,Long 19th Century,5,494,26,0.437,0.404146,0.488245,False
soledad,Long 19th Century,5,494,26,0.437,0.404146,0.488245,False
relacion,Revolutionary Era,5,242,52,0.441,0.406905,0.491105,False
contemporaneo,Long 19th Century,3,494,13,0.701,0.413948,0.496262,False
europeo,Long 19th Century,3,494,13,0.701,0.413948,0.496262,False
instancia,Long 19th Century,3,494,13,0.701,0.413948,0.496262,False
puro,Long 19th Century,3,494,13,0.701,0.413948,0.496262,False
tecnica,Long 19th Century,3,494,13,0.701,0.413948,0.496262,False
traductor,Long 19th Century,3,494,13,0.701,0.413948,0.496262,False
vertigo,Long 19th Century,3,494,13,0.701,0.413948,0.496262,False
enemigo,World Wars Era,3,312,20,0.71,0.416616,0.496612,False
frances,World Wars Era,3,312,20,0.71,0.416616,0.496612,False
frase,World Wars Era,3,312,20,0.71,0.416616,0.496612,False
linea,World Wars Era,3,312,20,0.71,0.416616,0.496612,False
maquina,World Wars Era,3,312,20,0.71,0.416616,0.496612,False
negro,World Wars Era,3,312,20,0.71,0.416616,0.496612,False
caracter,World Wars Era,5,312,42,0.4,0.421224,0.500678,False
destino,World Wars Era,5,312,42,0.4,0.421224,0.500678,False
poeta,World Wars Era,5,312,42,0.4,0.421224,0.500678,False
animal,World Wars Era,3,312,21,0.654,0.42827,0.507609,False
nostalgia,World Wars Era,3,312,21,0.654,0.42827,0.507609,False
sombra,World Wars Era,3,312,21,0.654,0.42827,0.507609,False
ciudad,Revolutionary Era,3,242,27,0.65,0.430716,0.509065,False
existencia,Revolutionary Era,3,242,27,0.65,0.430716,0.509065,False
interior,Revolutionary Era,3,242,27,0.65,0.430716,0.509065,False
literario,Contemporary,3,47,138,0.648,0.433037,0.50968,False
compromiso,Long 19th Century,3,494,14,0.61,0.436114,0.50968,False
fundamental,Long 19th Century,3,494,14,0.61,0.436114,0.50968,False
intimidad,Long 19th Century,3,494,14,0.61,0.436114,0.50968,False
peregrinar,Long 19th Century,3,494,14,0.61,0.436114,0.50968,False
sacrificio,Long 19th Century,3,494,14,0.61,0.436114,0.50968,False
teatro,Long 19th Century,3,494,14,0.61,0.436114,0.50968,False
version,Long 19th Century,3,494,14,0.61,0.436114,0.50968,False
experiencia,Long 19th Century,6,494,31,0.434,0.434044,0.50968,False
libro,Long 19th Century,6,494,31,0.434,0.434044,0.50968,False
trabajo,Long 19th Century,6,494,31,0.434,0.434044,0.50968,False
valor,Long 19th Century,6,494,31,0.434,0.434044,0.50968,False
analisis,Revolutionary Era,3,242,28,0.609,0.440362,0.51321,False
desierto,Revolutionary Era,3,242,28,0.609,0.440362,0.51321,False
textual,Revolutionary Era,3,242,28,0.609,0.440362,0.51321,False
defensa,World Wars Era,3,312,22,0.601,0.441319,0.513371,False
material,World Wars Era,3,312,22,0.601,0.441319,0.513371,False
tiempo,Renaissance,3,66,104,0.586,0.448303,0.521012,False
guerra,Long 19th Century,10,494,93,-0.284,0.450259,0.522801,False
humano,Revolutionary Era,6,242,64,0.4,0.451003,0.523181,False
persecucion,World Wars Era,3,312,23,0.551,0.455531,0.527456,False
universo,World Wars Era,3,312,23,0.551,0.455531,0.527456,False
anormal,Long 19th Century,3,494,15,0.526,0.461089,0.53095,False
catolico,Long 19th Century,3,494,15,0.526,0.461089,0.53095,False
fenomeno,Long 19th Century,3,494,15,0.526,0.461089,0.53095,False
negativo,Long 19th Century,3,494,15,0.526,0.461089,0.53095,False
perspectiva,Long 19th Century,3,494,15,0.526,0.461089,0.53095,False
historico,Long 19th Century,11,494,62,0.303,0.460641,0.53095,False
memorio,Long 19th Century,11,494,63,0.283,0.464978,0.534938,False
principio,Long 19th Century,3,494,34,-0.405,0.466507,0.536205,False
voluntad,Long 19th Century,3,494,35,-0.436,0.466941,0.536213,False
religioso,World Wars Era,3,312,24,0.503,0.470692,0.540025,False
discurso,Renaissance,3,66,114,0.489,0.477216,0.54701,False
derecho,Hellenistic/Roman,3,96,80,0.467,0.484808,0.554328,False
media,World Wars Era,3,312,25,0.457,0.486611,0.554328,False
comienzo,Long 19th Century,3,494,16,0.449,0.488021,0.554328,False
comunicacion,Long 19th Century,3,494,16,0.449,0.488021,0.554328,False
corrupcion,Long 19th Century,3,494,16,0.449,0.488021,0.554328,False
diario,Long 19th Century,3,494,16,0.449,0.488021,0.554328,False
enfermedad,Long 19th Century,3,494,16,0.449,0.488021,0.554328,False
grupo,Long 19th Century,3,494,16,0.449,0.488021,0.554328,False
materia,Long 19th Century,3,494,16,0.449,0.488021,0.554328,False
universal,Long 19th Century,3,494,16,0.449,0.488021,0.554328,False
lector,Long 19th Century,7,494,40,0.303,0.497577,0.564161,False
narracion,Long 19th Century,7,494,40,0.303,0.497577,0.564161,False
lengua,Hellenistic/Roman,3,96,83,0.428,0.498953,0.565209,False
soledad,World Wars Era,3,312,26,0.413,0.503113,0.569408,False
accion,Long 19th Century,4,494,43,-0.38,0.508308,0.574768,False
punto,Revolutionary Era,3,242,34,0.396,0.510459,0.576681,False
distancia,Long 19th Century,4,494,20,0.5,0.514261,0.57941,False
frase,Long 19th Century,4,494,20,0.5,0.514261,0.57941,False
maquina,Long 19th Century,4,494,20,0.5,0.514261,0.57941,False
obediencia,World Wars Era,13,312,122,0.229,0.517235,0.582238,False
delito,World Wars Era,4,312,68,-0.355,0.518856,0.583539,False
conocimiento,World Wars Era,4,312,32,0.473,0.525975,0.589734,False
muerto,World Wars Era,4,312,32,0.473,0.525975,0.589734,False
convencion,Long 19th Century,4,494,21,0.441,0.526716,0.589734,False
dominio,Long 19th Century,4,494,21,0.441,0.526716,0.589734,False
signo,Long 19th Century,4,494,21,0.441,0.526716,0.589734,False
escritor,Revolutionary Era,4,242,41,0.475,0.527918,0.590553,False
caracter,Revolutionary Era,4,242,42,0.449,0.533034,0.595744,False
edad,World Wars Era,4,312,34,0.405,0.541177,0.604306,False
eximente,World Wars Era,4,312,35,0.372,0.550017,0.613086,False
letra,World Wars Era,4,312,35,0.372,0.550017,0.613086,False
interes,Long 19th Century,4,494,23,0.332,0.557874,0.62019,False
raza,Long 19th Century,4,494,23,0.332,0.557874,0.62019,False
viaje,Long 19th Century,4,494,23,0.332,0.557874,0.62019,False
olvido,World Wars Era,4,312,36,0.341,0.559549,0.620951,False
tortura,World Wars Era,4,312,36,0.341,0.559549,0.620951,False
espiritu,Long 19th Century,10,494,60,0.23,0.575211,0.637767,False
ciudad,Long 19th Century,5,494,27,0.391,0.575934,0.638005,False
hecho,World Wars Era,5,312,45,0.322,0.595872,0.659509,False
condicion,Long 19th Century,5,494,30,0.265,0.605369,0.669429,False
tierra,Long 19th Century,3,494,32,-0.338,0.611599,0.675723,False
lugar,Revolutionary Era,5,242,61,0.265,0.612505,0.676128,False
autoridad,Long 19th Century,3,494,33,-0.372,0.614326,0.677542,False
edad,Long 19th Century,6,494,34,0.322,0.618707,0.681773,False
realidad,Revolutionary Era,5,242,63,0.229,0.623423,0.68582,False
espacio,Revolutionary Era,3,242,64,-0.282,0.623576,0.68582,False
dolor,Revolutionary Era,3,242,66,-0.315,0.624566,0.68582,False
traduccion,Revolutionary Era,3,242,66,-0.315,0.624566,0.68582,False
nombre,Long 19th Century,6,494,37,0.221,0.640223,0.702396,False
silencio,World Wars Era,6,312,58,0.229,0.643574,0.705456,False
violencia,Long 19th Century,4,494,38,-0.243,0.64471,0.706085,False
moral,Long 19th Century,4,494,39,-0.272,0.645318,0.706133,False
espiritu,World Wars Era,4,312,60,-0.22,0.65359,0.714561,False
extranjero,World Wars Era,4,312,63,-0.273,0.655057,0.715542,False
alma,Revolutionary Era,4,242,82,-0.276,0.658434,0.718605,False
personaje,Long 19th Century,8,494,49,0.214,0.679062,0.740473,False
extrano,Long 19th Century,3,494,17,0.377,0.723896,0.787772,False
infinito,Long 19th Century,3,494,17,0.377,0.723896,0.787772,False
dolor,Long 19th Century,8,494,66,-0.135,0.724323,0.787772,False
comun,Revolutionary Era,3,242,35,0.365,0.73244,0.795064,False
alegoer,Long 19th Century,3,494,18,0.31,0.733564,0.795064,False
ciego,Long 19th Century,3,494,18,0.31,0.733564,0.795064,False
testimonio,Long 19th Century,3,494,18,0.31,0.733564,0.795064,False
noche,Long 19th Century,11,494,72,0.122,0.734505,0.795396,False
desierto,World Wars Era,3,312,28,0.331,0.735184,0.795445,False
desear,Revolutionary Era,3,242,36,0.334,0.736461,0.795454,False
error,Revolutionary Era,3,242,36,0.334,0.736461,0.795454,False
clasico,Long 19th Century,3,494,19,0.247,0.744587,0.798727,False
creencia,Long 19th Century,3,494,19,0.247,0.744587,0.798727,False
culpa,Long 19th Century,3,494,19,0.247,0.744587,0.798727,False
malo,Long 19th Century,3,494,19,0.247,0.744587,0.798727,False
piedra,Long 19th Century,3,494,19,0.247,0.744587,0.798727,False
proceso,Long 19th Century,3,494,19,0.247,0.744587,0.798727,False
ritual,Long 19th Century,3,494,19,0.247,0.744587,0.798727,False
sonido,Long 19th Century,3,494,19,0.247,0.744587,0.798727,False
mirada,Revolutionary Era,3,242,39,0.247,0.750501,0.804383,False
narracion,Revolutionary Era,3,242,40,0.22,0.755708,0.806094,False
deber,World Wars Era,3,312,31,0.219,0.754458,0.806094,False
libro,World Wars Era,3,312,31,0.219,0.754458,0.806094,False
publico,World Wars Era,3,312,31,0.219,0.754458,0.806094,False
logica,Long 19th Century,3,494,20,0.188,0.756597,0.806094,False
referencia,Long 19th Century,3,494,20,0.188,0.756597,0.806094,False
terror,Long 19th Century,3,494,20,0.188,0.756597,0.806094,False
tiempo,Hellenistic/Roman,3,96,104,0.19,0.763738,0.813012,False
belleza,Long 19th Century,4,494,24,0.282,0.766975,0.815073,False
clase,Long 19th Century,4,494,24,0.282,0.766975,0.815073,False
personal,Long 19th Century,4,494,25,0.234,0.772863,0.820635,False
palabra,Hellenistic/Roman,4,96,124,0.275,0.776203,0.823484,False
intelectual,Revolutionary Era,4,242,54,0.174,0.787873,0.834842,False
angustiar,Long 19th Century,3,494,28,-0.191,0.78824,0.834842,False
vision,Revolutionary Era,4,242,55,0.154,0.791305,0.837225,False
accion,World Wars Era,4,312,43,0.143,0.791825,0.837225,False
sangre,World Wars Era,3,312,44,-0.161,0.793887,0.838698,False
publico,Long 19th Century,5,494,31,0.226,0.794563,0.838705,False
esencia,World Wars Era,3,312,47,-0.232,0.795767,0.83927,False
espiritu,Revolutionary Era,3,242,60,-0.214,0.796947,0.839808,False
muerte,Early Modern,3,89,166,-0.226,0.79927,0.841549,False
memorio,Revolutionary Era,3,242,63,-0.266,0.800292,0.841918,False
sueno,Revolutionary Era,5,242,66,0.178,0.805485,0.845961,False
voz,Revolutionary Era,5,242,66,0.178,0.805485,0.845961,False
conciencia,Revolutionary Era,5,242,67,0.162,0.807573,0.846968,False
hombre,Revolutionary Era,5,242,68,0.146,0.80982,0.846968,False
aurora,Long 19th Century,5,494,34,0.118,0.808933,0.846968,False
pasion,Long 19th Century,5,494,34,0.118,0.808933,0.846968,False
crimen,Long 19th Century,4,494,35,-0.151,0.809599,0.846968,False
pensamiento,World Wars Era,5,312,54,0.118,0.81273,0.849302,False
literatura,Hellenistic/Roman,4,96,181,-0.13,0.817246,0.853311,False
politica,Long 19th Century,6,494,40,0.129,0.82075,0.856257,False
vida,Revolutionary Era,6,242,82,0.126,0.826008,0.860311,False
funcion,Long 19th Century,5,494,42,-0.125,0.82552,0.860311,False
lengua,Revolutionary Era,6,242,83,0.113,0.827783,0.861444,False
libertad,Long 19th Century,7,494,45,0.163,0.828973,0.861967,False
mundo,Revolutionary Era,7,242,94,0.136,0.83615,0.868709,False
derecho,World Wars Era,6,312,80,-0.128,0.842655,0.874743,False
tiempo,Revolutionary Era,6,242,104,-0.133,0.844136,0.874832,False
vida,World Wars Era,6,312,82,-0.155,0.844005,0.874832,False
guerra,World Wars Era,7,312,93,-0.135,0.853307,0.883606,False
palabra,Revolutionary Era,9,242,124,0.094,0.857058,0.886027,False
extranjero,Long 19th Century,8,494,63,-0.082,0.856427,0.886027,False
acto,Revolutionary Era,3,242,42,0.167,1.0,1.0,False
poema,Revolutionary Era,3,242,42,0.167,1.0,1.0,False
poeta,Revolutionary Era,3,242,42,0.167,1.0,1.0,False
delirio,Long 19th Century,3,494,21,0.132,1.0,1.0,False
nacion,Long 19th Century,3,494,21,0.132,1.0,1.0,False
padre,Long 19th Century,3,494,21,0.132,1.0,1.0,False
plenitud,Long 19th Century,3,494,21,0.132,1.0,1.0,False
rostro,Long 19th Century,3,494,21,0.132,1.0,1.0,False
principio,World Wars Era,3,312,34,0.118,1.0,1.0,False
vision,World Wars Era,5,312,55,0.098,1.0,1.0,False
voluntad,World Wars Era,3,312,35,0.086,1.0,1.0,False
comun,Long 19th Century,5,494,35,0.084,1.0,1.0,False
material,Long 19th Century,3,494,22,0.079,1.0,1.0,False
misterio,Long 19th Century,3,494,22,0.079,1.0,1.0,False
persona,Long 19th Century,3,494,22,0.079,1.0,1.0,False
caracter,Long 19th Century,6,494,42,0.072,1.0,1.0,False
fuerza,Revolutionary Era,3,242,46,0.07,1.0,1.0,False
esencia,Revolutionary Era,3,242,47,0.047,1.0,1.0,False
poesia,Revolutionary Era,7,242,102,0.046,1.0,1.0,False
vacio,World Wars Era,4,312,47,0.046,1.0,1.0,False
codigo,Long 19th Century,6,494,43,0.044,1.0,1.0,False
persecucion,Long 19th Century,3,494,23,0.029,1.0,1.0,False
nombre,World Wars Era,3,312,37,0.026,1.0,1.0,False
recurso,World Wars Era,3,312,37,0.026,1.0,1.0,False
juego,Long 19th Century,4,494,30,0.023,1.0,1.0,False
cuerpo,Hellenistic/Roman,3,96,122,0.021,1.0,1.0,False
silencio,Long 19th Century,8,494,58,0.014,1.0,1.0,False
dinero,Long 19th Century,9,494,65,0.013,1.0,1.0,False
tiempo,World Wars Era,9,312,104,0.006,1.0,1.0,False
historia,Hellenistic/Roman,3,96,124,0.004,1.0,1.0,False
cristiano,Long 19th Century,5,494,38,-0.011,1.0,1.0,False
lenguaje,Revolutionary Era,6,242,93,-0.011,1.0,1.0,False
luz,Long 19th Century,5,494,38,-0.011,1.0,1.0,False
hombre,Long 19th Century,9,494,68,-0.039,1.0,1.0,False
social,Long 19th Century,9,494,69,-0.056,1.0,1.0,False
amor,Revolutionary Era,3,242,52,-0.061,1.0,1.0,False
cuestion,Long 19th Century,3,494,25,-0.065,1.0,1.0,False
posicion,Long 19th Century,3,494,25,-0.065,1.0,1.0,False
escritura,Hellenistic/Roman,3,96,135,-0.086,1.0,1.0,False
esperanza,Long 19th Century,3,494,26,-0.109,1.0,1.0,False
juicio,Long 19th Century,3,494,26,-0.109,1.0,1.0,False
