lemma,person,a,n_person_paras,n_lemma_paras,log_odds,p,q,significant
poesia,georg_trakl,26,33,102,5.047,0.0,0.0,True
judio,leon_bloy,18,41,66,4.007,0.0,0.0,True
judio,emile_zola,16,36,66,3.99,0.0,0.0,True
judio,edouard_drumont,16,48,66,3.525,0.0,0.0,True
dinero,emile_zola,14,36,65,3.747,0.0,0.0,True
antisemitismo,edouard_drumont,10,48,17,4.824,0.0,0.0,True
literatura,borges,24,66,181,2.477,0.0,0.0,True
vacio,ruben_dario,11,26,47,4.24,0.0,0.0,True
antisemitismo,leon_bloy,9,41,17,4.77,0.0,0.0,True
ley,juan_octavio_gauna,9,9,135,6.218,0.0,0.0,True
blanco,ruben_dario,9,26,30,4.461,0.0,0.0,True
voracidad,ruben_dario,7,26,14,5.174,0.0,0.0,True
literatura,luis_gusman,12,20,181,3.351,0.0,0.0,True
antisemitismo,emile_zola,7,36,17,4.42,0.0,0.0,True
imposible,felisberto_hernandez,6,22,17,4.77,0.0,0.0,True
enunciacion,eliseo_veron,5,5,51,6.697,0.0,0.0,True
dinero,leon_bloy,10,41,65,3.011,0.0,0.0,True
exilio,juan_bautista_alberdi,5,6,56,5.495,0.0,0.0,True
modernismo,leopoldo_lugones,5,26,11,4.909,0.0,0.0,True
femenino,ruben_dario,6,26,23,4.131,0.0,0.0,True
juez,juan_octavio_gauna,4,9,12,5.808,0.0,0.0,True
apartamiento,georg_trakl,7,33,32,3.636,0.0,0.0,True
parodiar,bajtin,4,8,14,5.797,0.0,0.0,True
lengua,rabelais,8,21,83,3.339,0.0,0.0,True
poema,leopoldo_lugones,7,26,42,3.611,0.0,0.0,True
enunciacion,felisberto_hernandez,7,22,51,3.613,0.0,0.0,True
estilo,david_vinias,7,23,51,3.55,0.0,0.0,True
literario,luis_gusman,9,20,138,3.055,0.0,0.0,True
fijo,felisberto_hernandez,5,22,17,4.461,0.0,1e-06,True
sujeto,felisberto_hernandez,6,22,34,3.858,0.0,1e-06,True
exilio,david_vinias,7,23,56,3.442,0.0,1e-06,True
muerte,santiago_dabove,7,10,166,3.794,0.0,1e-06,True
politico,horacio_gonzalez,6,7,163,4.512,0.0,1e-06,True
sentido,silvina_ocampo,7,17,87,3.401,0.0,1e-06,True
tiempo,felisberto_hernandez,8,22,104,3.016,0.0,2e-06,True
divino,jesus,8,67,33,2.942,0.0,2e-06,True
ocaso,georg_trakl,6,33,28,3.582,0.0,2e-06,True
simbolo,carl_jung,4,8,27,4.988,0.0,3e-06,True
politico,eliseo_veron,5,5,163,5.438,0.0,3e-06,True
alegoer,daniel_moyano,4,12,18,4.836,0.0,3e-06,True
estilo,sarmiento,5,11,51,4.131,0.0,3e-06,True
risa,felisberto_hernandez,5,22,24,4.014,0.0,3e-06,True
lengua,samuel_beckett,6,13,83,3.634,0.0,3e-06,True
politico,raul_alfonsin,6,8,163,4.001,0.0,3e-06,True
obediencia,jorge_bacque,5,6,122,4.651,0.0,4e-06,True
muerte,philippe_aries,6,8,166,3.981,0.0,4e-06,True
territorio,borges,7,66,26,3.088,0.0,4e-06,True
sociedad,eliseo_veron,4,5,58,5.237,0.0,4e-06,True
presente,felisberto_hernandez,5,22,26,3.916,0.0,5e-06,True
historico,jose_marmol,6,18,62,3.444,0.0,5e-06,True
erotico,leopoldo_lugones,5,26,23,3.86,0.0,6e-06,True
desnudez,leopoldo_lugones,4,26,10,4.663,1e-06,6e-06,True
novela,juan_jose_saer,5,8,93,4.095,1e-06,7e-06,True
politico,alejandro_dumas,6,9,163,3.664,1e-06,8e-06,True
modernismo,ruben_dario,4,26,11,4.52,1e-06,8e-06,True
poema,borges,8,66,42,2.655,1e-06,8e-06,True
exilio,leon_rozitchner,4,6,56,4.764,1e-06,9e-06,True
parodiar,rabelais,4,21,14,4.435,1e-06,1e-05,True
salvacion,leon_bloy,5,41,17,3.72,1e-06,1e-05,True
lugar,georg_trakl,7,33,61,2.868,1e-06,1.1e-05,True
erotismo,leopoldo_lugones,4,26,12,4.394,1e-06,1.1e-05,True
poetico,georg_trakl,6,33,39,3.181,1e-06,1.1e-05,True
lengua,james_joyce,7,25,83,2.884,1e-06,1.1e-05,True
literatura,samuel_beckett,7,13,181,3.08,1e-06,1.1e-05,True
literatura,ricardo_piglia,6,9,181,3.551,1e-06,1.2e-05,True
vision,macedonio_fernandez,7,38,55,2.812,1e-06,1.3e-05,True
literario,david_vinias,8,23,138,2.637,1e-06,1.3e-05,True
argentino,david_vinias,6,23,60,3.143,2e-06,1.4e-05,True
literario,witold_gombrowicz,5,7,138,4.007,2e-06,1.5e-05,True
discurso,raul_alfonsin,5,8,114,3.876,2e-06,1.5e-05,True
investigacion,platon,3,9,11,5.39,2e-06,1.6e-05,True
olvido,felisberto_hernandez,5,22,36,3.531,2e-06,1.7e-05,True
exilio,juan_manuel_rosas,5,15,56,3.546,2e-06,1.9e-05,True
lengua,borges,10,66,83,2.133,2e-06,2e-05,True
teorico,karl_marx,3,10,11,5.246,3e-06,2.2e-05,True
ilusion,alfonsina_storni,3,5,24,5.415,3e-06,2.2e-05,True
transgresion,bajtin,3,8,14,5.254,3e-06,2.2e-05,True
ideologico,juan_bautista_alberdi,3,6,21,5.229,4e-06,2.7e-05,True
modelo,rabelais,4,21,19,4.044,4e-06,2.7e-05,True
referencia,luis_gusman,4,20,20,4.041,4e-06,2.7e-05,True
realidad,james_joyce,6,25,63,2.98,4e-06,2.7e-05,True
esencia,georg_trakl,6,33,47,2.964,4e-06,2.7e-05,True
teorico,freud,3,11,11,5.121,4e-06,2.7e-05,True
escritura,kafka,7,19,135,2.744,4e-06,2.7e-05,True
misterio,leon_bloy,5,41,22,3.382,4e-06,2.8e-05,True
analisis,eliseo_veron,3,5,28,5.243,5e-06,3.2e-05,True
palabra,rabelais,7,21,124,2.688,5e-06,3.2e-05,True
interes,luis_gregorich,3,6,23,5.126,5e-06,3.3e-05,True
desear,ruben_dario,5,26,36,3.324,5e-06,3.3e-05,True
dinero,balzac,5,15,65,3.383,5e-06,3.3e-05,True
relato,tata_ocampo,4,6,87,4.291,5e-06,3.4e-05,True
discurso,eliseo_veron,4,5,114,4.514,5e-06,3.4e-05,True
judio,balzac,5,15,66,3.366,5e-06,3.5e-05,True
fantastico,bioy_casares,3,5,30,5.167,6e-06,3.5e-05,True
ilusion,leon_rozitchner,3,6,24,5.078,6e-06,3.5e-05,True
humor,macedonio_fernandez,4,38,12,3.964,6e-06,3.5e-05,True
desierto,roberto_arlt,4,16,28,3.922,6e-06,3.5e-05,True
sistema,luis_gusman,5,20,49,3.304,6e-06,3.6e-05,True
traduccion,rodolfo_wilcock,6,26,66,2.877,6e-06,3.7e-05,True
voz,ruben_dario,6,26,66,2.877,6e-06,3.7e-05,True
literatura,witold_gombrowicz,5,7,181,3.715,7e-06,4.1e-05,True
guerra,nestor_perlongher,7,29,93,2.561,8e-06,4.3e-05,True
percepcion,macedonio_fernandez,4,38,13,3.852,8e-06,4.6e-05,True
escritura,rabelais,7,21,135,2.595,8e-06,4.7e-05,True
metodo,maupassant,3,7,24,4.826,1e-05,5.5e-05,True
critico,david_vinias,4,23,22,3.758,1e-05,5.5e-05,True
literario,ricardo_piglia,5,9,138,3.419,1e-05,5.6e-05,True
tiempo,marcel_proust,4,6,104,4.1,1.1e-05,5.9e-05,True
poema,ruben_dario,5,26,42,3.148,1.1e-05,5.9e-05,True
real,edgar_allan_poe,3,7,25,4.781,1.1e-05,6e-05,True
maravilloso,silvina_ocampo,3,17,10,4.711,1.1e-05,6e-05,True
pobre,jesus,5,67,17,3.175,1.2e-05,6.2e-05,True
trabajo,kant,3,6,31,4.794,1.3e-05,6.5e-05,True
estilo,freud,4,11,51,3.765,1.3e-05,6.5e-05,True
aurora,georg_trakl,5,33,34,3.106,1.3e-05,6.6e-05,True
codigo,manuel_puig,4,13,43,3.715,1.3e-05,6.8e-05,True
erotico,lezama_lima,3,8,23,4.673,1.4e-05,6.8e-05,True
documento,jose_marmol,3,18,10,4.644,1.4e-05,6.8e-05,True
judio,walter_scott,4,9,66,3.797,1.4e-05,6.8e-05,True
discurso,sarmiento,5,11,114,3.256,1.4e-05,6.8e-05,True
nacional,juan_manuel_rosas,4,15,38,3.66,1.5e-05,7.4e-05,True
pacto,silvina_ocampo,3,17,11,4.585,1.6e-05,7.5e-05,True
espiritu,georg_trakl,6,33,60,2.688,1.6e-05,7.5e-05,True
creacion,paul_valery,3,10,19,4.581,1.6e-05,7.7e-05,True
exilio,sarmiento,4,11,56,3.664,1.8e-05,8.6e-05,True
estilo,jean_paul_sartre,4,12,51,3.64,1.9e-05,8.7e-05,True
lengua,juan_jose_saer,4,8,83,3.753,2e-05,9.1e-05,True
filosofia,juan_bautista_alberdi,3,6,36,4.631,2e-05,9.1e-05,True
exterior,macedonio_fernandez,4,38,16,3.577,2e-05,9.1e-05,True
presente,juan_jose_saer,3,8,26,4.536,2e-05,9.2e-05,True
persecucion,aristoteles,3,9,23,4.506,2.1e-05,9.2e-05,True
persecucion,platon,3,9,23,4.506,2.1e-05,9.2e-05,True
subversion,silvina_ocampo,3,17,12,4.474,2.1e-05,9.2e-05,True
extranjero,georg_trakl,6,33,63,2.633,2.1e-05,9.2e-05,True
ficcion,david_vinias,5,23,55,2.998,2.2e-05,9.7e-05,True
nacional,juan_bautista_alberdi,3,6,38,4.572,2.4e-05,0.000102,True
narrativo,juan_jose_saer,3,8,28,4.454,2.6e-05,0.000109,True
sistema,eliseo_veron,3,5,49,4.636,2.6e-05,0.00011,True
materno,samuel_beckett,3,13,17,4.373,2.7e-05,0.000114,True
realidad,freud,4,11,63,3.537,2.9e-05,0.000123,True
recordar,felisberto_hernandez,4,22,30,3.449,3e-05,0.000123,True
simbolo,james_joyce,4,25,27,3.419,3.3e-05,0.000135,True
simbolo,alejandro_dumas,3,9,27,4.327,3.4e-05,0.000136,True
metodo,mallarme,3,10,24,4.315,3.4e-05,0.000136,True
unico,silvina_ocampo,3,17,14,4.282,3.4e-05,0.000136,True
literario,juan_bautista_alberdi,4,6,138,3.799,3.4e-05,0.000136,True
politico,juan_manuel_rosas,6,15,163,2.664,3.4e-05,0.000136,True
lengua,louis_ferdinand_celine,4,9,83,3.552,3.5e-05,0.000138,True
sendero,georg_trakl,4,33,21,3.397,3.6e-05,0.000141,True
edad,jesus,6,67,34,2.529,3.6e-05,0.000141,True
ilusion,nestor_perlongher,4,29,24,3.385,3.7e-05,0.000144,True
literatura,louis_ferdinand_celine,5,9,181,3.126,3.9e-05,0.000148,True
literario,borges,11,66,138,1.675,4.3e-05,0.000164,True
pagina,ruben_dario,3,26,10,4.225,4.3e-05,0.000164,True
edad,philippe_aries,3,8,34,4.241,4.6e-05,0.000175,True
estilistico,jose_marmol,3,18,15,4.131,5.1e-05,0.000189,True
argentino,manuel_puig,4,13,60,3.352,5.1e-05,0.000189,True
orden,silvina_ocampo,6,17,151,2.555,5.1e-05,0.000189,True
escritor,maurice_blanchot,3,7,41,4.239,5.2e-05,0.00019,True
viaje,daniel_moyano,3,12,23,4.126,5.4e-05,0.000195,True
genero,georg_trakl,6,33,74,2.455,5.3e-05,0.000195,True
politico,david_vinias,7,23,163,2.259,5.7e-05,0.000206,True
estilo,juan_bautista_alberdi,3,6,51,4.257,5.8e-05,0.000206,True
obra,kant,3,6,51,4.257,5.8e-05,0.000206,True
literario,jean_paul_sartre,5,12,138,2.907,5.8e-05,0.000206,True
descripcion,juan_manuel_rosas,3,15,19,4.068,6e-05,0.000213,True
traduccion,ts_eliot,3,5,66,4.319,6.4e-05,0.000223,True
narrador,juan_jose_saer,3,8,38,4.12,6.5e-05,0.000223,True
politico,juan_domingo_peron,4,6,163,3.621,6.5e-05,0.000223,True
politico,leon_rozitchner,4,6,163,3.621,6.5e-05,0.000223,True
politico,luis_gregorich,4,6,163,3.621,6.5e-05,0.000223,True
sentido,karl_marx,4,10,87,3.334,6.9e-05,0.000234,True
femenino,manuel_puig,3,13,23,4.025,6.9e-05,0.000235,True
economico,leon_bloy,4,41,20,3.214,7e-05,0.000237,True
cita,luis_gusman,3,20,15,4.009,7.1e-05,0.000238,True
ficcion,oscar_masotta,3,6,55,4.176,7.3e-05,0.000241,True
etico,horacio_gonzalez,3,7,46,4.115,7.3e-05,0.000242,True
literatura,mallarme,5,10,181,2.925,7.4e-05,0.000243,True
poesia,leopoldo_lugones,6,26,102,2.4,7.9e-05,0.000258,True
estilistico,rabelais,3,21,15,3.954,8.3e-05,0.000269,True
religion,edouard_drumont,4,48,18,3.17,8.5e-05,0.000275,True
poema,osvaldo_rossler,3,8,42,4.012,8.8e-05,0.000282,True
espacio,ruben_dario,5,26,64,2.68,8.8e-05,0.000282,True
cultura,holderlin,3,6,59,4.102,9e-05,0.000284,True
apartado,georg_trakl,3,33,10,3.962,8.9e-05,0.000284,True
alegoer,jose_marmol,3,18,18,3.915,9.1e-05,0.000286,True
repeticion,felisberto_hernandez,3,22,15,3.901,9.5e-05,0.000299,True
estilo,osvaldo_soriano,3,7,51,4.005,0.0001,0.000312,True
retorico,esteban_echeverria,3,9,39,3.924,0.000105,0.000323,True
significado,silvina_ocampo,3,17,20,3.86,0.000105,0.000323,True
cuestion,emile_zola,4,36,25,3.092,0.000105,0.000323,True
historico,juan_manuel_rosas,4,15,62,3.125,0.000108,0.000328,True
lectura,borges,8,66,80,1.901,0.000108,0.000328,True
perdon,jesus,4,67,14,3.133,0.000109,0.00033,True
literatura,david_vinias,7,23,181,2.145,0.000111,0.000335,True
historia,david_vinias,6,23,124,2.347,0.000112,0.000335,True
metafora,borges,6,66,42,2.296,0.000114,0.00034,True
historia,juan_manuel_rosas,5,15,124,2.685,0.00012,0.000355,True
discurso,michel_foucault,4,9,114,3.213,0.000122,0.000359,True
nostalgia,silvina_ocampo,3,17,21,3.805,0.000122,0.000359,True
traduccion,holderlin,3,6,66,3.983,0.000126,0.000363,True
ficcion,fiodor_dostoyevski,3,7,55,3.925,0.000125,0.000363,True
cita,gustave_flaubert,3,24,15,3.802,0.000125,0.000363,True
literatura,sarmiento,5,11,181,2.758,0.00013,0.000371,True
sentido,rabelais,5,21,87,2.612,0.00013,0.000371,True
trabajo,jean_paul_sartre,3,12,31,3.794,0.000134,0.000381,True
obra,kafka,4,19,51,3.037,0.000136,0.000384,True
real,juan_manuel_rosas,3,15,25,3.757,0.000141,0.000398,True
relato,miguel_briante,3,5,87,4.028,0.000146,0.000406,True
sentido,hegel,3,5,87,4.028,0.000146,0.000406,True
ficcion,jose_marmol,4,18,55,3.022,0.000146,0.000406,True
literario,bajtin,4,8,138,3.211,0.000147,0.000407,True
realidad,borges,7,66,63,2.013,0.000154,0.000423,True
filosofia,sarmiento,3,11,36,3.742,0.000159,0.000434,True
obediencia,juan_octavio_gauna,4,9,122,3.141,0.000159,0.000434,True
argentino,horacio_gonzalez,3,7,60,3.832,0.000163,0.00044,True
argentino,osvaldo_soriano,3,7,60,3.832,0.000163,0.00044,True
poetico,leopoldo_lugones,4,26,39,2.957,0.000169,0.000454,True
poetico,ruben_dario,4,26,39,2.957,0.000169,0.000454,True
imagen,louis_ferdinand_celine,3,9,47,3.724,0.000184,0.00049,True
nacional,sarmiento,3,11,38,3.684,0.000187,0.000494,True
nino,macedonio_fernandez,3,38,11,3.684,0.000187,0.000494,True
generacion,david_vinias,3,23,18,3.634,0.000194,0.000509,True
realidad,silvina_ocampo,4,17,63,2.947,0.000195,0.000511,True
autor,freud,3,11,39,3.656,0.000203,0.000528,True
estilo,rabelais,4,21,51,2.915,0.000205,0.000531,True
personaje,walter_scott,3,9,49,3.679,0.000208,0.000537,True
fantastico,borges,5,66,30,2.474,0.000209,0.000537,True
filosofia,jean_paul_sartre,3,12,36,3.631,0.000211,0.000539,True
judio,maupassant,3,7,66,3.731,0.000217,0.000552,True
literatura,dante_alighieri,4,7,181,3.172,0.00022,0.000558,True
conciencia,horacio_gonzalez,3,7,67,3.715,0.000227,0.000569,True
metafora,leopoldo_lugones,4,26,42,2.875,0.000227,0.000569,True
poema,rodolfo_wilcock,4,26,42,2.875,0.000227,0.000569,True
limite,kafka,3,19,23,3.571,0.000229,0.000571,True
poesia,georges_bataille,3,5,102,3.86,0.000235,0.000576,True
estilo,esteban_echeverria,3,9,51,3.637,0.000235,0.000576,True
enigma,rabelais,3,21,21,3.56,0.000236,0.000576,True
escritura,ricardo_piglia,4,9,135,3.033,0.000236,0.000576,True
escritura,gustave_flaubert,6,24,135,2.199,0.000232,0.000576,True
lengua,holderlin,3,6,83,3.74,0.000249,0.000603,True
narrador,daniel_moyano,3,12,38,3.572,0.000248,0.000603,True
artista,james_joyce,3,25,18,3.541,0.00025,0.000603,True
critica,david_vinias,4,23,49,2.85,0.000254,0.000609,True
argentino,raul_alfonsin,3,8,60,3.631,0.000258,0.000616,True
peregrinar,georg_trakl,3,33,14,3.534,0.000264,0.00063,True
sistema,borges,6,66,49,2.118,0.000274,0.000651,True
literatura,kafka,6,19,181,2.198,0.000282,0.000666,True
teoria,samuel_beckett,3,13,37,3.501,0.000295,0.000692,True
creacion,james_joyce,3,25,19,3.478,0.000295,0.000692,True
memorio,juan_jose_saer,3,8,63,3.579,0.000298,0.000696,True
discurso,freud,4,11,114,2.903,0.000303,0.000705,True
exilio,esteban_echeverria,3,9,56,3.537,0.000311,0.00072,True
militar,jorge_bacque,3,6,90,3.655,0.000317,0.000729,True
argentino,luis_gusman,4,20,60,2.798,0.000316,0.000729,True
estilo,karl_marx,3,10,51,3.493,0.000332,0.000758,True
estilo,mallarme,3,10,51,3.493,0.000332,0.000758,True
acto,jean_paul_sartre,3,12,42,3.464,0.000335,0.00076,True
obra,gustave_flaubert,4,24,51,2.756,0.000352,0.000793,True
poeta,nestor_perlongher,4,29,42,2.749,0.000352,0.000793,True
argentino,ricardo_piglia,3,9,60,3.464,0.000382,0.000854,True
escritura,karl_marx,4,10,135,2.866,0.000381,0.000854,True
lectura,maurice_blanchot,3,7,80,3.528,0.000385,0.000857,True
cuerpo,eliseo_veron,3,5,122,3.671,0.000401,0.000888,True
comienzo,georg_trakl,3,33,16,3.373,0.000402,0.000888,True
contemplacion,macedonio_fernandez,3,38,14,3.38,0.000404,0.00089,True
obra,james_joyce,4,25,51,2.708,0.000414,0.00091,True
historico,gustave_aimard,3,9,62,3.429,0.000421,0.000913,True
historia,sarmiento,4,11,124,2.813,0.000419,0.000913,True
literario,rodolfo_wilcock,6,26,138,2.072,0.000419,0.000913,True
lengua,osvaldo_soriano,3,7,83,3.489,0.000429,0.000917,True
lengua,witold_gombrowicz,3,7,83,3.489,0.000429,0.000917,True
catolico,emile_zola,3,36,15,3.355,0.000426,0.000917,True
libre,emile_zola,3,36,15,3.355,0.000426,0.000917,True
destino,samuel_beckett,3,13,42,3.364,0.000431,0.000919,True
etico,baudelaire,3,12,46,3.367,0.000439,0.000929,True
etico,jean_paul_sartre,3,12,46,3.367,0.000439,0.000929,True
genero,bajtin,3,8,74,3.409,0.000481,0.001013,True
dinero,robert_walser,3,9,65,3.379,0.000484,0.001013,True
dinero,walter_scott,3,9,65,3.379,0.000484,0.001013,True
sociedad,karl_marx,3,10,58,3.356,0.000487,0.001016,True
fenomeno,macedonio_fernandez,3,38,15,3.297,0.000501,0.001041,True
literario,jose_marmol,5,18,138,2.317,0.000517,0.001072,True
ficcion,borges,6,66,55,1.987,0.00052,0.001073,True
critica,jean_paul_sartre,3,12,49,3.299,0.00053,0.001082,True
personaje,daniel_moyano,3,12,49,3.299,0.00053,0.001082,True
real,david_vinias,3,23,25,3.26,0.00053,0.001082,True
escritura,georges_bataille,3,5,135,3.563,0.000541,0.00109,True
espiritu,paul_valery,3,10,60,3.32,0.000538,0.00109,True
retorico,juan_manuel_rosas,3,15,39,3.269,0.000541,0.00109,True
ausencia,luis_gusman,3,20,29,3.254,0.000541,0.00109,True
ficcion,sarmiento,3,11,55,3.287,0.000566,0.001135,True
texto,lezama_lima,3,8,79,3.34,0.000583,0.001158,True
politica,juan_manuel_rosas,3,15,40,3.241,0.000584,0.001158,True
escritura,freud,4,11,135,2.722,0.000581,0.001158,True
poeta,georg_trakl,4,33,42,2.602,0.000585,0.001158,True
erotico,ruben_dario,3,26,23,3.216,0.000596,0.001172,True
espacio,felisberto_hernandez,4,22,64,2.614,0.000596,0.001172,True
novela,fiodor_dostoyevski,3,7,93,3.369,0.0006,0.001173,True
novela,osvaldo_soriano,3,7,93,3.369,0.0006,0.001173,True
catolico,leon_bloy,3,41,15,3.215,0.000628,0.001223,True
discurso,luis_gregorich,3,6,114,3.406,0.000639,0.001241,True
estructura,james_joyce,3,25,25,3.166,0.000681,0.001313,True
literario,kafka,5,19,138,2.246,0.00068,0.001313,True
procedimiento,jose_marmol,3,18,35,3.17,0.000688,0.001322,True
cultura,sarmiento,3,11,59,3.213,0.000696,0.001324,True
fantastico,rabelais,3,21,30,3.161,0.000695,0.001324,True
exilio,rodolfo_wilcock,4,26,56,2.561,0.000694,0.001324,True
castellano,borges,3,66,10,3.219,0.000714,0.001349,True
sueno,santiago_dabove,3,10,66,3.219,0.000714,0.001349,True
tiempo,james_joyce,5,25,104,2.202,0.000718,0.001352,True
argentino,sarmiento,3,11,60,3.195,0.000731,0.001374,True
textual,david_vinias,3,23,28,3.134,0.000745,0.001394,True
relato,juan_jose_saer,3,8,87,3.238,0.000775,0.001436,True
sentido,juan_jose_saer,3,8,87,3.238,0.000775,0.001436,True
sentido,lezama_lima,3,8,87,3.238,0.000775,0.001436,True
relacion,nestor_perlongher,4,29,52,2.515,0.000803,0.001484,True
funcion,emile_zola,4,36,42,2.504,0.00082,0.001511,True
ensayo,david_vinias,3,23,29,3.095,0.000827,0.001519,True
argentino,borges,6,66,60,1.89,0.000834,0.001527,True
imaginario,leopoldo_lugones,3,26,26,3.078,0.000862,0.001574,True
escritura,borges,9,66,135,1.456,0.000866,0.001576,True
olvido,kafka,3,19,36,3.077,0.000882,0.001601,True
accion,emile_zola,4,36,43,2.479,0.000897,0.001623,True
cultura,jean_paul_sartre,3,12,59,3.101,0.000917,0.001653,True
pobre,leon_bloy,3,41,17,3.066,0.000924,0.001661,True
lenguaje,bajtin,3,8,93,3.168,0.000942,0.001688,True
poetico,jose_marmol,3,18,39,3.053,0.000949,0.001695,True
alma,esteban_echeverria,3,9,82,3.133,0.00096,0.001709,True
literatura,roberto_arlt,5,16,181,2.186,0.000989,0.001756,True
genero,mallarme,3,10,74,3.098,0.000998,0.001762,True
catolico,edouard_drumont,3,48,15,3.046,0.001001,0.001762,True
libre,edouard_drumont,3,48,15,3.046,0.001001,0.001762,True
conciencia,freud,3,11,67,3.078,0.001011,0.001774,True
economico,emile_zola,3,36,20,3.017,0.001031,0.001803,True
escritura,marcel_proust,3,6,135,3.227,0.001052,0.001823,True
ley,jorge_bacque,3,6,135,3.227,0.001052,0.001823,True
identidad,borges,5,66,42,2.085,0.001047,0.001823,True
textual,leopoldo_lugones,3,26,28,2.996,0.001076,0.001854,True
textual,ruben_dario,3,26,28,2.996,0.001076,0.001854,True
discurso,horacio_gonzalez,3,7,114,3.154,0.001092,0.001872,True
discurso,witold_gombrowicz,3,7,114,3.154,0.001092,0.001872,True
novela,jose_marmol,4,18,93,2.458,0.001102,0.001883,True
literario,kant,3,6,138,3.203,0.001122,0.001904,True
literario,oscar_masotta,3,6,138,3.203,0.001122,0.001904,True
literatura,gustave_flaubert,6,24,181,1.881,0.001124,0.001904,True
relato,louis_ferdinand_celine,3,9,87,3.071,0.001141,0.001927,True
media,jesus,4,67,25,2.413,0.001176,0.00198,True
escritura,samuel_beckett,4,13,135,2.485,0.001184,0.001988,True
estilo,juan_manuel_rosas,3,15,51,2.981,0.001196,0.001997,True
territorio,nestor_perlongher,3,29,26,2.957,0.001194,0.001997,True
lectura,mallarme,3,10,80,3.016,0.001254,0.002088,True
escritura,felisberto_hernandez,5,22,135,2.08,0.001267,0.002103,True
singularidad,borges,3,66,12,2.982,0.001273,0.002107,True
literatura,bioy_casares,3,5,181,3.252,0.001285,0.002111,True
literatura,jose_hernandez,3,5,181,3.252,0.001285,0.002111,True
literario,samuel_beckett,4,13,138,2.462,0.001286,0.002111,True
ciencia,rabelais,3,21,37,2.932,0.001294,0.002113,True
nombre,rabelais,3,21,37,2.932,0.001294,0.002113,True
blanco,leopoldo_lugones,3,26,30,2.92,0.00132,0.002148,True
conciencia,baudelaire,3,12,67,2.966,0.00133,0.002159,True
iron,nestor_perlongher,3,29,27,2.915,0.001335,0.002162,True
historia,edouard_drumont,7,48,124,1.628,0.001351,0.002181,True
lenguaje,aristoteles,3,9,93,3.001,0.001386,0.002207,True
lenguaje,michel_foucault,3,9,93,3.001,0.001386,0.002207,True
novela,gustave_aimard,3,9,93,3.001,0.001386,0.002207,True
novela,robert_walser,3,9,93,3.001,0.001386,0.002207,True
material,emile_zola,3,36,22,2.909,0.001373,0.002207,True
lengua,joseph_conrad,3,10,83,2.977,0.001396,0.002211,True
mental,macedonio_fernandez,3,38,21,2.903,0.0014,0.002211,True
plenitud,macedonio_fernandez,3,38,21,2.903,0.0014,0.002211,True
literatura,james_joyce,6,25,181,1.828,0.001416,0.002231,True
genero,gustave_flaubert,4,24,74,2.354,0.001457,0.002288,True
ficcion,juan_manuel_rosas,3,15,55,2.901,0.001491,0.002336,True
historia,balzac,4,15,124,2.384,0.001551,0.002424,True
texto,david_vinias,4,23,79,2.335,0.001576,0.002456,True
pecado,jesus,4,67,27,2.324,0.001585,0.002463,True
relato,santiago_dabove,3,10,87,2.927,0.001601,0.002481,True
mito,borges,3,66,13,2.882,0.001632,0.002524,True
novela,luis_gusman,4,20,93,2.328,0.001675,0.002583,True
politico,daniel_moyano,4,12,163,2.395,0.001717,0.00264,True
textual,borges,4,66,28,2.298,0.001723,0.002643,True
sociedad,balzac,3,15,58,2.844,0.00174,0.002662,True
escritura,maurice_blanchot,3,7,135,2.975,0.001788,0.002722,True
cuerpo,leopoldo_lugones,5,26,122,1.982,0.001784,0.002722,True
literario,maurice_blanchot,3,7,138,2.952,0.001906,0.002886,True
literario,osvaldo_soriano,3,7,138,2.952,0.001906,0.002886,True
novela,joseph_conrad,3,10,93,2.857,0.001942,0.002932,True
cuerpo,philippe_aries,3,8,122,2.881,0.002076,0.003116,True
estilo,jose_marmol,3,18,51,2.765,0.002079,0.003116,True
letra,ruben_dario,3,26,35,2.751,0.002075,0.003116,True
texto,roland_barthes,3,12,79,2.792,0.002144,0.003206,True
relacion,macedonio_fernandez,4,38,52,2.21,0.002258,0.003367,True
raza,leon_bloy,3,41,23,2.718,0.00229,0.003407,True
literario,juan_manuel_rosas,4,15,138,2.27,0.002307,0.003423,True
argentino,roberto_arlt,3,16,60,2.731,0.002334,0.003454,True
economico,edouard_drumont,3,48,20,2.708,0.002389,0.003518,True
frances,edouard_drumont,3,48,20,2.708,0.002389,0.003518,True
acto,david_vinias,3,23,42,2.692,0.002456,0.003607,True
literatura,holderlin,3,6,181,2.915,0.002472,0.003612,True
literatura,julio_cortazar,3,6,181,2.915,0.002472,0.003612,True
discurso,louis_ferdinand_celine,3,9,114,2.786,0.002498,0.003633,True
discurso,ricardo_piglia,3,9,114,2.786,0.002498,0.003633,True
categoria,borges,3,66,15,2.707,0.002527,0.003657,True
sobrenatural,borges,3,66,15,2.707,0.002527,0.003657,True
guerra,freud,3,11,93,2.732,0.002618,0.003779,True
exilio,jose_marmol,3,18,56,2.665,0.002723,0.003921,True
texto,samuel_beckett,3,13,79,2.692,0.002742,0.003939,True
sociedad,emile_zola,4,36,58,2.152,0.002762,0.003948,True
tradicion,borges,5,66,52,1.846,0.002763,0.003948,True
escritura,bajtin,3,8,135,2.774,0.00278,0.003954,True
escritura,juan_jose_saer,3,8,135,2.774,0.00278,0.003954,True
sentido,roland_barthes,3,12,87,2.69,0.00283,0.004015,True
humano,georg_trakl,4,33,64,2.144,0.002865,0.004056,True
historia,leon_bloy,6,41,124,1.634,0.002945,0.004159,True
literario,leopoldo_lugones,5,26,138,1.85,0.003075,0.004331,True
historia,aristoteles,3,9,124,2.697,0.00318,0.004458,True
palabra,michel_foucault,3,9,124,2.697,0.00318,0.004458,True
sufrimiento,jesus,3,67,16,2.614,0.003203,0.00447,True
tiempo,borges,7,66,104,1.455,0.003198,0.00447,True
novela,gustave_flaubert,4,24,93,2.11,0.003385,0.004711,True
poeta,leopoldo_lugones,3,26,42,2.554,0.003516,0.004882,True
raza,edouard_drumont,3,48,23,2.549,0.003606,0.004995,True
nacional,nestor_perlongher,3,29,38,2.541,0.003621,0.005005,True
lenguaje,james_joyce,4,25,93,2.062,0.003948,0.005444,True
relacion,felisberto_hernandez,3,22,52,2.514,0.003979,0.005474,True
escritura,louis_ferdinand_celine,3,9,135,2.607,0.004052,0.005561,True
natural,edouard_drumont,3,48,24,2.501,0.004081,0.005588,True
literatura,edgar_allan_poe,3,7,181,2.663,0.004161,0.00567,True
literatura,osvaldo_soriano,3,7,181,2.663,0.004161,0.00567,True
politica,nestor_perlongher,3,29,40,2.486,0.004194,0.005702,True
literario,esteban_echeverria,3,9,138,2.583,0.004313,0.005843,True
critica,gustave_flaubert,3,24,49,2.479,0.004328,0.005843,True
imagen,james_joyce,3,25,47,2.477,0.004326,0.005843,True
ingles,borges,3,66,18,2.491,0.004352,0.005862,True
noche,georg_trakl,4,33,72,2.017,0.004398,0.005911,True
historia,joseph_conrad,3,10,124,2.553,0.004425,0.00592,True
olvido,borges,4,66,36,2.013,0.004424,0.00592,True
sociedad,leon_bloy,4,41,58,2.008,0.004464,0.005958,True
figura,leon_bloy,3,41,29,2.459,0.004499,0.005992,True
cuestion,edouard_drumont,3,48,25,2.455,0.004593,0.006089,True
media,edouard_drumont,3,48,25,2.455,0.004593,0.006089,True
tradicion,gustave_flaubert,3,24,52,2.415,0.005121,0.006774,True
social,emile_zola,4,36,69,1.965,0.005191,0.006851,True
nacional,borges,4,66,38,1.953,0.005389,0.007096,True
cuerpo,rabelais,4,21,122,1.98,0.005438,0.007145,True
relato,carlos_correas,3,15,87,2.415,0.005543,0.007266,True
escritura,mallarme,3,10,135,2.463,0.005625,0.007342,True
escritura,santiago_dabove,3,10,135,2.463,0.005625,0.007342,True
cristiano,jesus,4,67,38,1.936,0.005686,0.007405,True
retorico,borges,4,66,39,1.924,0.00592,0.007692,True
ficcion,gustave_flaubert,3,24,55,2.356,0.005997,0.007775,True
estilo,leopoldo_lugones,3,26,51,2.346,0.0061,0.007873,True
estilo,rodolfo_wilcock,3,26,51,2.346,0.0061,0.007873,True
politico,edouard_drumont,7,48,163,1.329,0.00635,0.008178,True
intelectual,james_joyce,3,25,54,2.329,0.006402,0.008227,True
cultura,david_vinias,3,23,59,2.329,0.006463,0.008259,True
tradicion,leopoldo_lugones,3,26,52,2.326,0.006441,0.008259,True
cuerpo,felisberto_hernandez,4,22,122,1.924,0.006469,0.008259,True
lector,borges,4,66,40,1.896,0.006485,0.008261,True
relato,roberto_arlt,3,16,87,2.338,0.0067,0.008516,True
ficcion,james_joyce,3,25,55,2.31,0.006739,0.00853,True
vision,james_joyce,3,25,55,2.31,0.006739,0.00853,True
lectura,jose_marmol,3,18,80,2.288,0.007466,0.00943,True
escritura,friedrich_nietzsche,3,11,135,2.338,0.007517,0.009473,True
historia,jean_paul_sartre,3,12,124,2.316,0.007699,0.009681,True
literario,sarmiento,3,11,138,2.315,0.007991,0.010028,True
mundo,borges,6,66,94,1.395,0.008197,0.010263,True
codigo,borges,4,66,43,1.816,0.008393,0.010486,True
politico,jose_marmol,4,18,163,1.859,0.008511,0.010612,True
lectura,kafka,3,19,80,2.225,0.008721,0.01085,True
realidad,gustave_flaubert,3,24,63,2.211,0.008755,0.01087,True
cultura,leopoldo_lugones,3,26,59,2.191,0.009153,0.011339,True
lenguaje,silvina_ocampo,3,17,93,2.196,0.009605,0.011825,True
argentino,leopoldo_lugones,3,26,60,2.174,0.009587,0.011825,True
argentino,rodolfo_wilcock,3,26,60,2.174,0.009587,0.011825,True
lengua,kafka,3,19,83,2.186,0.009652,0.011858,True
escritura,jean_paul_sartre,3,12,135,2.226,0.009741,0.011923,True
literatura,rodolfo_wilcock,5,26,181,1.557,0.009746,0.011923,True
lugar,ruben_dario,3,26,61,2.156,0.010033,0.012249,True
identidad,macedonio_fernandez,3,38,42,2.138,0.010318,0.01257,True
literario,roland_barthes,3,12,138,2.203,0.010349,0.012582,True
verbo,jesus,3,67,24,2.146,0.010372,0.012584,True
escritura,david_vinias,4,23,135,1.763,0.010843,0.013111,True
lenguaje,georg_trakl,4,33,93,1.744,0.010851,0.013111,True
edad,edouard_drumont,3,48,34,2.116,0.010956,0.01321,True
vacio,borges,4,66,47,1.718,0.011463,0.013793,True
dinero,edouard_drumont,4,48,65,1.711,0.011699,0.014048,True
genero,david_vinias,3,23,74,2.089,0.012081,0.014478,True
escritura,manuel_puig,3,13,135,2.126,0.012309,0.01472,True
genero,borges,5,66,74,1.459,0.01243,0.014835,True
palabra,ruben_dario,4,26,124,1.71,0.012546,0.014943,True
politico,freud,3,11,163,2.138,0.012645,0.015031,True
literatura,paul_valery,3,10,181,2.151,0.012702,0.015037,True
literatura,santiago_dabove,3,10,181,2.151,0.012702,0.015037,True
filosofia,edouard_drumont,3,48,36,2.054,0.012823,0.015149,True
critica,borges,4,66,49,1.673,0.013237,0.015607,True
lugar,nestor_perlongher,3,29,61,2.035,0.013585,0.015952,True
personaje,emile_zola,3,36,49,2.032,0.013563,0.015952,True
literario,gustave_flaubert,4,24,138,1.689,0.013611,0.015952,True
sentido,macedonio_fernandez,4,38,87,1.657,0.014129,0.016526,True
cultural,borges,4,66,50,1.65,0.014186,0.01656,True
escritura,james_joyce,4,25,135,1.665,0.01459,0.016997,True
lectura,david_vinias,3,23,80,2.007,0.014922,0.017349,True
estilo,borges,4,66,51,1.629,0.015178,0.017613,True
literatura,nestor_perlongher,5,29,181,1.426,0.015509,0.017961,True
literario,james_joyce,4,25,138,1.641,0.015715,0.018164,True
noche,leopoldo_lugones,3,26,72,1.981,0.015747,0.018164,True
escritura,leopoldo_lugones,4,26,135,1.619,0.016735,0.019266,True
imagen,leon_bloy,3,41,47,1.936,0.017245,0.019815,True
lenguaje,rabelais,3,21,93,1.951,0.017392,0.019945,True
mundo,rabelais,3,21,94,1.94,0.017896,0.020483,True
social,nestor_perlongher,3,29,69,1.904,0.018915,0.021607,True
obediencia,silvina_ocampo,3,17,122,1.909,0.020014,0.022817,True
texto,rodolfo_wilcock,3,26,79,1.882,0.02017,0.022906,True
texto,ruben_dario,3,26,79,1.882,0.02017,0.022906,True
relato,gustave_flaubert,3,24,87,1.87,0.020969,0.023768,True
literatura,rabelais,4,21,181,1.558,0.021202,0.023986,True
lengua,rodolfo_wilcock,3,26,83,1.83,0.022978,0.025944,True
relato,borges,5,66,87,1.283,0.023621,0.026568,True
sentido,borges,5,66,87,1.283,0.023621,0.026568,True
historia,jose_marmol,3,18,124,1.825,0.024434,0.02743,True
politico,emile_zola,5,36,163,1.285,0.024742,0.027722,True
literatura,manuel_puig,3,13,181,1.814,0.026979,0.030172,True
letra,borges,3,66,35,1.746,0.027763,0.030989,True
novela,james_joyce,3,25,93,1.754,0.027856,0.031033,True
historia,kafka,3,19,124,1.762,0.028276,0.031442,True
mundo,james_joyce,3,25,94,1.743,0.028639,0.031785,True
hijo,jesus,3,67,35,1.73,0.028867,0.031978,True
realidad,macedonio_fernandez,3,38,63,1.706,0.030508,0.033668,True
novela,borges,5,66,93,1.211,0.030468,0.033668,True
novela,rodolfo_wilcock,3,26,93,1.71,0.030893,0.034029,True
nombre,borges,3,66,37,1.685,0.032091,0.035276,True
espacio,borges,4,66,64,1.383,0.032146,0.035276,True
narrador,borges,3,66,38,1.656,0.034379,0.037657,True
historico,leon_bloy,3,41,62,1.641,0.035628,0.038951,True
autor,borges,3,66,39,1.628,0.036751,0.040034,True
literatura,emile_zola,5,36,181,1.172,0.036755,0.040034,True
hombre,macedonio_fernandez,3,38,68,1.625,0.037097,0.040331,True
discurso,david_vinias,3,23,114,1.633,0.03774,0.040954,True
humano,leon_bloy,3,41,64,1.607,0.038622,0.041834,True
muerte,jesus,7,67,166,0.927,0.038896,0.042053,True
escritura,luis_gusman,3,20,135,1.613,0.040266,0.043455,True
escritor,borges,3,66,41,1.574,0.041741,0.044964,True
discurso,gustave_flaubert,3,24,114,1.585,0.042128,0.045298,True
politico,nestor_perlongher,4,29,163,1.292,0.044337,0.047585,True
palabra,macedonio_fernandez,4,38,124,1.279,0.044692,0.047878,True
sociedad,edouard_drumont,3,48,58,1.542,0.044899,0.048013,True
discurso,james_joyce,3,25,114,1.539,0.046762,0.049914,True
literario,rabelais,3,21,138,1.534,0.048255,0.051413,False
discurso,leopoldo_lugones,3,26,114,1.495,0.051637,0.054917,False
historia,gustave_flaubert,3,24,124,1.496,0.051947,0.055147,False
literario,felisberto_hernandez,3,22,138,1.481,0.054301,0.057541,False
cuerpo,ruben_dario,3,26,122,1.424,0.060963,0.064484,False
texto,borges,4,66,79,1.157,0.061666,0.06511,False
historia,leopoldo_lugones,3,26,124,1.406,0.063412,0.066714,False
historia,rodolfo_wilcock,3,26,124,1.406,0.063412,0.066714,False
personaje,borges,3,66,49,1.383,0.064882,0.068137,False
discurso,nestor_perlongher,3,29,114,1.374,0.067658,0.070926,False
alma,jesus,4,67,82,1.101,0.071967,0.075308,False
amor,borges,3,66,52,1.32,0.074807,0.078001,False
relacion,borges,3,66,52,1.32,0.074807,0.078001,False
cuerpo,nestor_perlongher,3,29,122,1.303,0.079491,0.082738,False
mundo,macedonio_fernandez,3,38,94,1.283,0.081874,0.085067,False
palabra,nestor_perlongher,3,29,124,1.285,0.082585,0.085655,False
historia,borges,5,66,124,0.901,0.084651,0.087642,False
cultura,borges,3,66,59,1.186,0.100375,0.103739,False
literatura,felisberto_hernandez,3,22,181,1.192,0.10344,0.106718,False
mundo,jesus,4,67,94,0.955,0.106044,0.109213,False
lugar,borges,3,66,61,1.15,0.108254,0.111293,False
tiempo,leon_bloy,3,41,104,1.094,0.122665,0.125887,False
politico,leon_bloy,4,41,163,0.902,0.123471,0.126493,False
traduccion,borges,3,66,66,1.067,0.128958,0.131654,False
voz,borges,3,66,66,1.067,0.128958,0.131654,False
judio,jesus,3,67,66,1.051,0.13326,0.135809,False
historia,emile_zola,3,36,124,1.049,0.135346,0.137696,False
literatura,leopoldo_lugones,3,26,181,1.004,0.150619,0.152969,False
discurso,borges,4,66,114,0.766,0.169342,0.171686,False
vida,borges,3,66,82,0.837,0.203042,0.205497,False
discurso,edouard_drumont,3,48,114,0.828,0.2073,0.209445,False
literario,leon_bloy,3,41,138,0.795,0.221158,0.223061,False
cuerpo,borges,3,66,122,0.418,0.503003,0.50646,False
cuerpo,jesus,3,67,122,0.402,0.509217,0.511837,False
politico,borges,4,66,163,0.384,0.550269,0.552153,False
literatura,edouard_drumont,3,48,181,0.337,0.73739,0.738651,False
orden,borges,3,66,151,0.191,0.763091,0.763091,False
