pid_a,pid_b,shared_gold,e_cos,copen_jac,cclosed_jac
Jinkis_Entredichos_1_p1,Jinkis_Entredichos_1_p2,1,0.4276,0.0952,0.4444
Jinkis_Entredichos_1_p1,Jinkis_Entredichos_1_p3,0,0.4484,0.0,0.3
Jinkis_Entredichos_1_p1,Jinkis_Entredichos_1_p4,1,0.3711,0.037,0.2
Jinkis_Entredichos_1_p1,Jinkis_Entredichos_1_p5,0,0.4496,0.0,0.4545
Jinkis_Entredichos_1_p1,Jinkis_Entredichos_1_p6,0,0.3595,0.0,0.0833
Jinkis_Entredichos_1_p1,Jinkis_Entredichos_1_p7,0,0.3185,0.0476,0.1538
Jinkis_Entredichos_1_p1,Jinkis_Entredichos_1_p8,0,0.2846,0.0,0.0909
Jinkis_Entredichos_1_p1,Jinkis_Entredichos_1_p9,0,0.391,0.0,0.1333
Jinkis_Entredichos_1_p1,Jinkis_Entredichos_1_p10,0,0.4797,0.0345,0.2143
Jinkis_Entredichos_1_p1,Jinkis_Entredichos_1_p11,0,0.3928,0.0,0.3
Jinkis_Entredichos_1_p1,Jinkis_Entredichos_1_p12,0,0.4179,0.0,0.25
Jinkis_Entredichos_1_p1,Jinkis_Entredichos_1_p13,0,0.4151,0.04,0.0769
Jinkis_Entredichos_1_p1,Jinkis_Entredichos_1_p14,0,0.4022,0.0,0.125
Jinkis_Entredichos_1_p1,Jinkis_Entredichos_1_p15,0,0.4175,0.0455,0.1818
Jinkis_Entredichos_1_p1,Jinkis_Entredichos_1_p16,0,0.534,0.0244,0.4545
Jinkis_Entredichos_1_p1,Jinkis_Entredichos_1_p17,0,0.4171,0.0323,0.2308
Jinkis_Entredichos_1_p1,Jinkis_Entredichos_1_p18,0,0.4516,0.0,0.0667
Jinkis_Entredichos_1_p1,Grüner_Entredichos_1_p1,0,0.3549,0.0,0.1
Jinkis_Entredichos_1_p1,Grüner_Entredichos_1_p2,0,0.3943,0.0,0.2222
Jinkis_Entredichos_1_p1,Grüner_Entredichos_1_p7,0,0.4004,0.0333,0.0625
Jinkis_Entredichos_1_p1,Grüner_Entredichos_1_p8,0,0.3229,0.0,0.0
Jinkis_Entredichos_1_p1,Grüner_Entredichos_1_p9,0,0.3457,0.0,0.0769
Jinkis_Entredichos_1_p1,Grüner_Entredichos_1_p10,0,0.3693,0.0,0.0625
Jinkis_Entredichos_1_p1,Grüner_Entredichos_1_p11,0,0.3477,0.0,0.0769
Jinkis_Entredichos_1_p1,Grüner_Entredichos_1_p12,0,0.3879,0.0,0.0588
Jinkis_Entredichos_1_p1,Grüner_Entredichos_1_p13,0,0.4536,0.0,0.2308
Jinkis_Entredichos_1_p1,Gusmán_Entredichos_1_p1,0,0.3721,0.0,0.0909
Jinkis_Entredichos_1_p1,Gusmán_Entredichos_1_p2,0,0.4141,0.0,0.1667
Jinkis_Entredichos_1_p1,Gusmán_Entredichos_1_p3,0,0.3251,0.0357,0.0714
Jinkis_Entredichos_1_p1,Gusmán_Entredichos_1_p5,0,0.3858,0.0,0.1538
Jinkis_Entredichos_1_p1,Gusmán_Entredichos_1_p6,0,0.3949,0.0,0.1667
Jinkis_Entredichos_1_p1,Gusmán_Entredichos_1_p7,0,0.3234,0.0,0.0769
Jinkis_Entredichos_1_p1,Gusmán_Entredichos_1_p8,0,0.3991,0.0357,0.0
Jinkis_Entredichos_1_p1,Gusmán_Entredichos_1_p10,0,0.4383,0.0345,0.0769
Jinkis_Entredichos_1_p1,Gusmán_Entredichos_1_p12,0,0.3514,0.0,0.0769
Jinkis_Entredichos_1_p1,Gusmán_Entredichos_1_p13,0,0.4376,0.0,0.1818
Jinkis_Entredichos_1_p1,Gusmán_Entredichos_1_p15,0,0.3748,0.0,0.1429
Jinkis_Entredichos_1_p1,Gusmán_Entredichos_1_p16,0,0.3353,0.0,0.0667
Jinkis_Entredichos_1_p2,Jinkis_Entredichos_1_p3,0,0.347,0.0,0.25
Jinkis_Entredichos_1_p2,Jinkis_Entredichos_1_p4,1,0.5449,0.05,0.2857
Jinkis_Entredichos_1_p2,Jinkis_Entredichos_1_p5,1,0.4239,0.0,0.4444
Jinkis_Entredichos_1_p2,Jinkis_Entredichos_1_p6,0,0.347,0.0,0.1111
Jinkis_Entredichos_1_p2,Jinkis_Entredichos_1_p7,0,0.3433,0.0,0.0909
Jinkis_Entredichos_1_p2,Jinkis_Entredichos_1_p8,0,0.3672,0.0,0.125
Jinkis_Entredichos_1_p2,Jinkis_Entredichos_1_p9,0,0.3483,0.0,0.1667
Jinkis_Entredichos_1_p2,Jinkis_Entredichos_1_p10,1,0.4723,0.0455,0.2727
Jinkis_Entredichos_1_p2,Jinkis_Entredichos_1_p11,0,0.3618,0.0,0.25
Jinkis_Entredichos_1_p2,Jinkis_Entredichos_1_p12,0,0.3902,0.0,0.3333
Jinkis_Entredichos_1_p2,Jinkis_Entredichos_1_p13,0,0.3443,0.0,0.1
Jinkis_Entredichos_1_p2,Jinkis_Entredichos_1_p14,0,0.2888,0.0,0.0714
Jinkis_Entredichos_1_p2,Jinkis_Entredichos_1_p15,1,0.3727,0.0667,0.25
Jinkis_Entredichos_1_p2,Jinkis_Entredichos_1_p16,1,0.4588,0.0294,0.4444
Jinkis_Entredichos_1_p2,Jinkis_Entredichos_1_p17,1,0.3363,0.0417,0.1818
Jinkis_Entredichos_1_p2,Jinkis_Entredichos_1_p18,0,0.3333,0.0,0.0833
Jinkis_Entredichos_1_p2,Grüner_Entredichos_1_p1,0,0.2846,0.0,0.1429
Jinkis_Entredichos_1_p2,Grüner_Entredichos_1_p2,0,0.276,0.0,0.1429
Jinkis_Entredichos_1_p2,Grüner_Entredichos_1_p7,0,0.2518,0.0,0.0769
Jinkis_Entredichos_1_p2,Grüner_Entredichos_1_p8,0,0.2092,0.0,0.0
Jinkis_Entredichos_1_p2,Grüner_Entredichos_1_p9,0,0.2713,0.0,0.1
Jinkis_Entredichos_1_p2,Grüner_Entredichos_1_p10,0,0.3598,0.0,0.0769
Jinkis_Entredichos_1_p2,Grüner_Entredichos_1_p11,0,0.3172,0.0,0.1
Jinkis_Entredichos_1_p2,Grüner_Entredichos_1_p12,0,0.3596,0.0,0.0714
Jinkis_Entredichos_1_p2,Grüner_Entredichos_1_p13,0,0.43,0.0,0.3
Jinkis_Entredichos_1_p2,Gusmán_Entredichos_1_p1,0,0.3179,0.0,0.0
Jinkis_Entredichos_1_p2,Gusmán_Entredichos_1_p2,0,0.3452,0.0,0.1
Jinkis_Entredichos_1_p2,Gusmán_Entredichos_1_p3,0,0.3491,0.0,0.0909
Jinkis_Entredichos_1_p2,Gusmán_Entredichos_1_p5,0,0.3298,0.0,0.0909
Jinkis_Entredichos_1_p2,Gusmán_Entredichos_1_p6,0,0.2425,0.0,0.1
Jinkis_Entredichos_1_p2,Gusmán_Entredichos_1_p7,0,0.3047,0.0,0.1
Jinkis_Entredichos_1_p2,Gusmán_Entredichos_1_p8,0,0.3413,0.0,0.0
Jinkis_Entredichos_1_p2,Gusmán_Entredichos_1_p10,0,0.3942,0.0,0.1
Jinkis_Entredichos_1_p2,Gusmán_Entredichos_1_p12,0,0.3161,0.0,0.1
Jinkis_Entredichos_1_p2,Gusmán_Entredichos_1_p13,0,0.363,0.0,0.1111
Jinkis_Entredichos_1_p2,Gusmán_Entredichos_1_p15,0,0.3236,0.0,0.0833
Jinkis_Entredichos_1_p2,Gusmán_Entredichos_1_p16,0,0.3004,0.0,0.0833
Jinkis_Entredichos_1_p3,Jinkis_Entredichos_1_p4,0,0.356,0.0,0.2857
Jinkis_Entredichos_1_p3,Jinkis_Entredichos_1_p5,0,0.3818,0.0,0.4444
Jinkis_Entredichos_1_p3,Jinkis_Entredichos_1_p6,1,0.3662,0.0,0.1111
Jinkis_Entredichos_1_p3,Jinkis_Entredichos_1_p7,1,0.4001,0.0,0.0909
Jinkis_Entredichos_1_p3,Jinkis_Entredichos_1_p8,1,0.4561,0.0,0.2857
Jinkis_Entredichos_1_p3,Jinkis_Entredichos_1_p9,0,0.4194,0.0,0.1667
Jinkis_Entredichos_1_p3,Jinkis_Entredichos_1_p10,1,0.4412,0.0,0.2727
Jinkis_Entredichos_1_p3,Jinkis_Entredichos_1_p11,1,0.4522,0.0,0.25
Jinkis_Entredichos_1_p3,Jinkis_Entredichos_1_p12,1,0.4793,0.0,0.3333
Jinkis_Entredichos_1_p3,Jinkis_Entredichos_1_p13,1,0.4752,0.0,0.1
Jinkis_Entredichos_1_p3,Jinkis_Entredichos_1_p14,0,0.38,0.0,0.1538
Jinkis_Entredichos_1_p3,Jinkis_Entredichos_1_p15,0,0.4092,0.0,0.25
Jinkis_Entredichos_1_p3,Jinkis_Entredichos_1_p16,0,0.432,0.0,0.3
Jinkis_Entredichos_1_p3,Jinkis_Entredichos_1_p17,0,0.3475,0.0,0.3
Jinkis_Entredichos_1_p3,Jinkis_Entredichos_1_p18,1,0.4237,0.0,0.1818
Jinkis_Entredichos_1_p3,Grüner_Entredichos_1_p1,0,0.4533,0.0,0.0
Jinkis_Entredichos_1_p3,Grüner_Entredichos_1_p2,1,0.4202,0.0,0.3333
Jinkis_Entredichos_1_p3,Grüner_Entredichos_1_p7,1,0.4173,0.0,0.0
Jinkis_Entredichos_1_p3,Grüner_Entredichos_1_p8,0,0.3369,0.0,0.1
Jinkis_Entredichos_1_p3,Grüner_Entredichos_1_p9,1,0.3779,0.0,0.1
Jinkis_Entredichos_1_p3,Grüner_Entredichos_1_p10,1,0.3893,0.0,0.0769
Jinkis_Entredichos_1_p3,Grüner_Entredichos_1_p11,0,0.3775,0.0,0.2222
Jinkis_Entredichos_1_p3,Grüner_Entredichos_1_p12,1,0.3901,0.0,0.0714
Jinkis_Entredichos_1_p3,Grüner_Entredichos_1_p13,1,0.4578,0.0,0.3
Jinkis_Entredichos_1_p3,Gusmán_Entredichos_1_p1,0,0.4493,0.0,0.0
Jinkis_Entredichos_1_p3,Gusmán_Entredichos_1_p2,0,0.3475,0.0,0.2222
Jinkis_Entredichos_1_p3,Gusmán_Entredichos_1_p3,0,0.3888,0.0,0.0909
Jinkis_Entredichos_1_p3,Gusmán_Entredichos_1_p5,0,0.3705,0.0,0.0909
Jinkis_Entredichos_1_p3,Gusmán_Entredichos_1_p6,0,0.3638,0.0417,0.1
Jinkis_Entredichos_1_p3,Gusmán_Entredichos_1_p7,0,0.3062,0.0,0.1
Jinkis_Entredichos_1_p3,Gusmán_Entredichos_1_p8,0,0.3202,0.0,0.0
Jinkis_Entredichos_1_p3,Gusmán_Entredichos_1_p10,0,0.3659,0.0,0.1
Jinkis_Entredichos_1_p3,Gusmán_Entredichos_1_p12,0,0.3674,0.0,0.0
Jinkis_Entredichos_1_p3,Gusmán_Entredichos_1_p13,0,0.351,0.0,0.1111
Jinkis_Entredichos_1_p3,Gusmán_Entredichos_1_p15,0,0.3356,0.0,0.1818
Jinkis_Entredichos_1_p3,Gusmán_Entredichos_1_p16,0,0.4229,0.0,0.0833
Jinkis_Entredichos_1_p4,Jinkis_Entredichos_1_p5,0,0.5029,0.0,0.2
Jinkis_Entredichos_1_p4,Jinkis_Entredichos_1_p6,0,0.4159,0.0385,0.2857
Jinkis_Entredichos_1_p4,Jinkis_Entredichos_1_p7,0,0.3649,0.0,0.2222
Jinkis_Entredichos_1_p4,Jinkis_Entredichos_1_p8,0,0.4214,0.0,0.3333
Jinkis_Entredichos_1_p4,Jinkis_Entredichos_1_p9,0,0.386,0.0,0.1818
Jinkis_Entredichos_1_p4,Jinkis_Entredichos_1_p10,0,0.5103,0.037,0.3
Jinkis_Entredichos_1_p4,Jinkis_Entredichos_1_p11,0,0.3715,0.0,0.5
Jinkis_Entredichos_1_p4,Jinkis_Entredichos_1_p12,0,0.394,0.0,0.375
Jinkis_Entredichos_1_p4,Jinkis_Entredichos_1_p13,0,0.3853,0.0,0.4286
Jinkis_Entredichos_1_p4,Jinkis_Entredichos_1_p14,0,0.3354,0.0,0.0769
Jinkis_Entredichos_1_p4,Jinkis_Entredichos_1_p15,0,0.4002,0.0,0.125
Jinkis_Entredichos_1_p4,Jinkis_Entredichos_1_p16,0,0.4077,0.0,0.2
Jinkis_Entredichos_1_p4,Jinkis_Entredichos_1_p17,0,0.3309,0.0,0.0909
Jinkis_Entredichos_1_p4,Jinkis_Entredichos_1_p18,0,0.4206,0.0,0.2
Jinkis_Entredichos_1_p4,Grüner_Entredichos_1_p1,0,0.272,0.0,0.1667
Jinkis_Entredichos_1_p4,Grüner_Entredichos_1_p2,0,0.2685,0.0,0.0
Jinkis_Entredichos_1_p4,Grüner_Entredichos_1_p7,0,0.2815,0.0,0.0833
Jinkis_Entredichos_1_p4,Grüner_Entredichos_1_p8,0,0.2388,0.0,0.1111
Jinkis_Entredichos_1_p4,Grüner_Entredichos_1_p9,0,0.2239,0.0,0.25
Jinkis_Entredichos_1_p4,Grüner_Entredichos_1_p10,0,0.3424,0.0,0.1818
Jinkis_Entredichos_1_p4,Grüner_Entredichos_1_p11,0,0.3247,0.0,0.25
Jinkis_Entredichos_1_p4,Grüner_Entredichos_1_p12,0,0.3235,0.0,0.1667
Jinkis_Entredichos_1_p4,Grüner_Entredichos_1_p13,0,0.4009,0.0,0.3333
Jinkis_Entredichos_1_p4,Gusmán_Entredichos_1_p1,0,0.3782,0.0,0.0
Jinkis_Entredichos_1_p4,Gusmán_Entredichos_1_p2,0,0.4084,0.0,0.25
Jinkis_Entredichos_1_p4,Gusmán_Entredichos_1_p3,0,0.3691,0.0,0.1
Jinkis_Entredichos_1_p4,Gusmán_Entredichos_1_p5,0,0.324,0.0,0.1
Jinkis_Entredichos_1_p4,Gusmán_Entredichos_1_p6,0,0.2755,0.0,0.25
Jinkis_Entredichos_1_p4,Gusmán_Entredichos_1_p7,0,0.3275,0.0385,0.1111
Jinkis_Entredichos_1_p4,Gusmán_Entredichos_1_p8,0,0.3138,0.0,0.0
Jinkis_Entredichos_1_p4,Gusmán_Entredichos_1_p10,0,0.346,0.0,0.1111
Jinkis_Entredichos_1_p4,Gusmán_Entredichos_1_p12,0,0.3054,0.0,0.1111
Jinkis_Entredichos_1_p4,Gusmán_Entredichos_1_p13,0,0.3624,0.0,0.125
Jinkis_Entredichos_1_p4,Gusmán_Entredichos_1_p15,0,0.3556,0.0,0.2
Jinkis_Entredichos_1_p4,Gusmán_Entredichos_1_p16,0,0.3748,0.0,0.2
Jinkis_Entredichos_1_p5,Jinkis_Entredichos_1_p6,0,0.4757,0.04,0.1818
Jinkis_Entredichos_1_p5,Jinkis_Entredichos_1_p7,0,0.3941,0.0,0.1538
Jinkis_Entredichos_1_p5,Jinkis_Entredichos_1_p8,0,0.3697,0.0,0.0909
Jinkis_Entredichos_1_p5,Jinkis_Entredichos_1_p9,0,0.4445,0.069,0.1333
Jinkis_Entredichos_1_p5,Jinkis_Entredichos_1_p10,1,0.4937,0.08,0.3077
Jinkis_Entredichos_1_p5,Jinkis_Entredichos_1_p11,0,0.4333,0.0,0.3
Jinkis_Entredichos_1_p5,Jinkis_Entredichos_1_p12,0,0.444,0.0435,0.3636
Jinkis_Entredichos_1_p5,Jinkis_Entredichos_1_p13,0,0.3652,0.0,0.0769
Jinkis_Entredichos_1_p5,Jinkis_Entredichos_1_p14,0,0.4389,0.0,0.2857
Jinkis_Entredichos_1_p5,Jinkis_Entredichos_1_p15,1,0.4685,0.0,0.3
Jinkis_Entredichos_1_p5,Jinkis_Entredichos_1_p16,1,0.4786,0.0,0.6
Jinkis_Entredichos_1_p5,Jinkis_Entredichos_1_p17,1,0.4229,0.0,0.3333
Jinkis_Entredichos_1_p5,Jinkis_Entredichos_1_p18,0,0.4507,0.0,0.1429
Jinkis_Entredichos_1_p5,Grüner_Entredichos_1_p1,0,0.2989,0.0,0.1
Jinkis_Entredichos_1_p5,Grüner_Entredichos_1_p2,0,0.3365,0.0,0.2222
Jinkis_Entredichos_1_p5,Grüner_Entredichos_1_p7,0,0.3382,0.0,0.0625
Jinkis_Entredichos_1_p5,Grüner_Entredichos_1_p8,0,0.3419,0.0,0.0
Jinkis_Entredichos_1_p5,Grüner_Entredichos_1_p9,0,0.3174,0.0,0.0769
Jinkis_Entredichos_1_p5,Grüner_Entredichos_1_p10,0,0.4204,0.0,0.0625
Jinkis_Entredichos_1_p5,Grüner_Entredichos_1_p11,0,0.4286,0.0556,0.1667
Jinkis_Entredichos_1_p5,Grüner_Entredichos_1_p12,0,0.418,0.0,0.0588
Jinkis_Entredichos_1_p5,Grüner_Entredichos_1_p13,0,0.4837,0.08,0.3333
Jinkis_Entredichos_1_p5,Gusmán_Entredichos_1_p1,0,0.464,0.0,0.0909
Jinkis_Entredichos_1_p5,Gusmán_Entredichos_1_p2,0,0.4478,0.0,0.2727
Jinkis_Entredichos_1_p5,Gusmán_Entredichos_1_p3,0,0.3139,0.0,0.0714
Jinkis_Entredichos_1_p5,Gusmán_Entredichos_1_p5,0,0.3781,0.0,0.25
Jinkis_Entredichos_1_p5,Gusmán_Entredichos_1_p6,0,0.3927,0.0,0.1667
Jinkis_Entredichos_1_p5,Gusmán_Entredichos_1_p7,0,0.4153,0.04,0.1667
Jinkis_Entredichos_1_p5,Gusmán_Entredichos_1_p8,0,0.3505,0.0,0.0
Jinkis_Entredichos_1_p5,Gusmán_Entredichos_1_p10,0,0.3423,0.0,0.0769
Jinkis_Entredichos_1_p5,Gusmán_Entredichos_1_p12,0,0.3978,0.05,0.0769
Jinkis_Entredichos_1_p5,Gusmán_Entredichos_1_p13,0,0.4458,0.0,0.1818
Jinkis_Entredichos_1_p5,Gusmán_Entredichos_1_p15,0,0.4987,0.0,0.3333
Jinkis_Entredichos_1_p5,Gusmán_Entredichos_1_p16,0,0.4328,0.0,0.0667
Jinkis_Entredichos_1_p6,Jinkis_Entredichos_1_p7,1,0.4767,0.1053,0.3333
Jinkis_Entredichos_1_p6,Jinkis_Entredichos_1_p8,1,0.4523,0.0312,0.125
Jinkis_Entredichos_1_p6,Jinkis_Entredichos_1_p9,1,0.4643,0.0,0.2727
Jinkis_Entredichos_1_p6,Jinkis_Entredichos_1_p10,1,0.5134,0.0741,0.2727
Jinkis_Entredichos_1_p6,Jinkis_Entredichos_1_p11,1,0.4706,0.0417,0.25
Jinkis_Entredichos_1_p6,Jinkis_Entredichos_1_p12,1,0.4901,0.0833,0.5
Jinkis_Entredichos_1_p6,Jinkis_Entredichos_1_p13,1,0.3622,0.0,0.375
Jinkis_Entredichos_1_p6,Jinkis_Entredichos_1_p14,1,0.456,0.0,0.25
Jinkis_Entredichos_1_p6,Jinkis_Entredichos_1_p15,0,0.396,0.0,0.25
Jinkis_Entredichos_1_p6,Jinkis_Entredichos_1_p16,0,0.4089,0.0,0.3
Jinkis_Entredichos_1_p6,Jinkis_Entredichos_1_p17,0,0.2692,0.0,0.1818
Jinkis_Entredichos_1_p6,Jinkis_Entredichos_1_p18,1,0.4643,0.0417,0.3
Jinkis_Entredichos_1_p6,Grüner_Entredichos_1_p1,0,0.2879,0.0,0.3333
Jinkis_Entredichos_1_p6,Grüner_Entredichos_1_p2,0,0.2996,0.0,0.0
Jinkis_Entredichos_1_p6,Grüner_Entredichos_1_p7,1,0.32,0.0,0.2727
Jinkis_Entredichos_1_p6,Grüner_Entredichos_1_p8,0,0.3359,0.0,0.2222
Jinkis_Entredichos_1_p6,Grüner_Entredichos_1_p9,1,0.3791,0.0952,0.375
Jinkis_Entredichos_1_p6,Grüner_Entredichos_1_p10,1,0.4469,0.0,0.2727
Jinkis_Entredichos_1_p6,Grüner_Entredichos_1_p11,0,0.4193,0.0,0.375
Jinkis_Entredichos_1_p6,Grüner_Entredichos_1_p12,1,0.4696,0.0312,0.3636
Jinkis_Entredichos_1_p6,Grüner_Entredichos_1_p13,0,0.4659,0.0,0.4444
Jinkis_Entredichos_1_p6,Gusmán_Entredichos_1_p1,0,0.3622,0.0,0.0
Jinkis_Entredichos_1_p6,Gusmán_Entredichos_1_p2,0,0.398,0.0,0.0
Jinkis_Entredichos_1_p6,Gusmán_Entredichos_1_p3,0,0.3211,0.0,0.0909
Jinkis_Entredichos_1_p6,Gusmán_Entredichos_1_p5,0,0.3827,0.0,0.0909
Jinkis_Entredichos_1_p6,Gusmán_Entredichos_1_p6,0,0.301,0.0,0.0
Jinkis_Entredichos_1_p6,Gusmán_Entredichos_1_p7,0,0.4198,0.037,0.1
Jinkis_Entredichos_1_p6,Gusmán_Entredichos_1_p8,0,0.3398,0.037,0.0
Jinkis_Entredichos_1_p6,Gusmán_Entredichos_1_p10,0,0.3402,0.0,0.0
Jinkis_Entredichos_1_p6,Gusmán_Entredichos_1_p12,0,0.4582,0.0,0.2222
Jinkis_Entredichos_1_p6,Gusmán_Entredichos_1_p13,0,0.4201,0.0,0.1111
Jinkis_Entredichos_1_p6,Gusmán_Entredichos_1_p15,0,0.3971,0.0,0.4444
Jinkis_Entredichos_1_p6,Gusmán_Entredichos_1_p16,0,0.3889,0.04,0.4444
Jinkis_Entredichos_1_p7,Jinkis_Entredichos_1_p8,1,0.5444,0.04,0.2222
Jinkis_Entredichos_1_p7,Jinkis_Entredichos_1_p9,0,0.397,0.0,0.3333
Jinkis_Entredichos_1_p7,Jinkis_Entredichos_1_p10,1,0.3689,0.0,0.1429
Jinkis_Entredichos_1_p7,Jinkis_Entredichos_1_p11,1,0.5784,0.0588,0.3333
Jinkis_Entredichos_1_p7,Jinkis_Entredichos_1_p12,1,0.4727,0.0556,0.2727
Jinkis_Entredichos_1_p7,Jinkis_Entredichos_1_p13,1,0.3613,0.0,0.1818
Jinkis_Entredichos_1_p7,Jinkis_Entredichos_1_p14,0,0.3753,0.0,0.1333
Jinkis_Entredichos_1_p7,Jinkis_Entredichos_1_p15,0,0.3864,0.0,0.0909
Jinkis_Entredichos_1_p7,Jinkis_Entredichos_1_p16,0,0.3673,0.0,0.0714
Jinkis_Entredichos_1_p7,Jinkis_Entredichos_1_p17,0,0.3135,0.0,0.1538
Jinkis_Entredichos_1_p7,Jinkis_Entredichos_1_p18,1,0.3765,0.0588,0.3636
Jinkis_Entredichos_1_p7,Grüner_Entredichos_1_p1,0,0.27,0.0,0.1111
Jinkis_Entredichos_1_p7,Grüner_Entredichos_1_p2,0,0.3183,0.0,0.0
Jinkis_Entredichos_1_p7,Grüner_Entredichos_1_p7,1,0.3298,0.0,0.2308
Jinkis_Entredichos_1_p7,Grüner_Entredichos_1_p8,0,0.2839,0.0,0.3
Jinkis_Entredichos_1_p7,Grüner_Entredichos_1_p9,1,0.3327,0.0667,0.4444
Jinkis_Entredichos_1_p7,Grüner_Entredichos_1_p10,1,0.4147,0.0,0.4545
Jinkis_Entredichos_1_p7,Grüner_Entredichos_1_p11,0,0.3209,0.0,0.4444
Jinkis_Entredichos_1_p7,Grüner_Entredichos_1_p12,1,0.4049,0.0,0.3077
Jinkis_Entredichos_1_p7,Grüner_Entredichos_1_p13,0,0.3603,0.0,0.3636
Jinkis_Entredichos_1_p7,Gusmán_Entredichos_1_p1,0,0.4015,0.0,0.2222
Jinkis_Entredichos_1_p7,Gusmán_Entredichos_1_p2,0,0.4464,0.0667,0.0833
Jinkis_Entredichos_1_p7,Gusmán_Entredichos_1_p3,0,0.3905,0.1053,0.2727
Jinkis_Entredichos_1_p7,Gusmán_Entredichos_1_p5,0,0.3199,0.0769,0.1667
Jinkis_Entredichos_1_p7,Gusmán_Entredichos_1_p6,0,0.3636,0.0,0.1818
Jinkis_Entredichos_1_p7,Gusmán_Entredichos_1_p7,0,0.462,0.05,0.3
Jinkis_Entredichos_1_p7,Gusmán_Entredichos_1_p8,0,0.2436,0.0,0.1818
Jinkis_Entredichos_1_p7,Gusmán_Entredichos_1_p10,0,0.2742,0.0,0.0833
Jinkis_Entredichos_1_p7,Gusmán_Entredichos_1_p12,0,0.3738,0.0,0.3
Jinkis_Entredichos_1_p7,Gusmán_Entredichos_1_p13,0,0.2883,0.0,0.2
Jinkis_Entredichos_1_p7,Gusmán_Entredichos_1_p15,0,0.3754,0.0,0.5
Jinkis_Entredichos_1_p7,Gusmán_Entredichos_1_p16,0,0.3872,0.0556,0.5
Jinkis_Entredichos_1_p8,Jinkis_Entredichos_1_p9,0,0.3826,0.0,0.0833
Jinkis_Entredichos_1_p8,Jinkis_Entredichos_1_p10,1,0.4168,0.0,0.3
Jinkis_Entredichos_1_p8,Jinkis_Entredichos_1_p11,1,0.5095,0.0345,0.2857
Jinkis_Entredichos_1_p8,Jinkis_Entredichos_1_p12,1,0.431,0.0333,0.2222
Jinkis_Entredichos_1_p8,Jinkis_Entredichos_1_p13,1,0.374,0.0,0.1111
Jinkis_Entredichos_1_p8,Jinkis_Entredichos_1_p14,0,0.3711,0.0,0.0769
Jinkis_Entredichos_1_p8,Jinkis_Entredichos_1_p15,0,0.408,0.0,0.0
Jinkis_Entredichos_1_p8,Jinkis_Entredichos_1_p16,0,0.4313,0.0222,0.0909
Jinkis_Entredichos_1_p8,Jinkis_Entredichos_1_p17,0,0.322,0.0,0.0
Jinkis_Entredichos_1_p8,Jinkis_Entredichos_1_p18,1,0.4459,0.0345,0.0909
Jinkis_Entredichos_1_p8,Grüner_Entredichos_1_p1,0,0.305,0.0,0.0
Jinkis_Entredichos_1_p8,Grüner_Entredichos_1_p2,0,0.2828,0.0,0.0
Jinkis_Entredichos_1_p8,Grüner_Entredichos_1_p7,1,0.3082,0.0,0.0
Jinkis_Entredichos_1_p8,Grüner_Entredichos_1_p8,0,0.3421,0.04,0.1111
Jinkis_Entredichos_1_p8,Grüner_Entredichos_1_p9,1,0.4161,0.037,0.25
Jinkis_Entredichos_1_p8,Grüner_Entredichos_1_p10,1,0.3855,0.0,0.3
Jinkis_Entredichos_1_p8,Grüner_Entredichos_1_p11,0,0.3386,0.0,0.1111
Jinkis_Entredichos_1_p8,Grüner_Entredichos_1_p12,1,0.394,0.0,0.0769
Jinkis_Entredichos_1_p8,Grüner_Entredichos_1_p13,0,0.3697,0.0,0.2
Jinkis_Entredichos_1_p8,Gusmán_Entredichos_1_p1,0,0.3716,0.0,0.1429
Jinkis_Entredichos_1_p8,Gusmán_Entredichos_1_p2,0,0.352,0.0,0.25
Jinkis_Entredichos_1_p8,Gusmán_Entredichos_1_p3,0,0.347,0.0312,0.375
Jinkis_Entredichos_1_p8,Gusmán_Entredichos_1_p5,0,0.3142,0.0,0.375
Jinkis_Entredichos_1_p8,Gusmán_Entredichos_1_p6,0,0.2525,0.0,0.4286
Jinkis_Entredichos_1_p8,Gusmán_Entredichos_1_p7,0,0.3255,0.0,0.25
Jinkis_Entredichos_1_p8,Gusmán_Entredichos_1_p8,0,0.2939,0.0,0.25
Jinkis_Entredichos_1_p8,Gusmán_Entredichos_1_p10,0,0.3339,0.0,0.4286
Jinkis_Entredichos_1_p8,Gusmán_Entredichos_1_p12,0,0.3271,0.0,0.1111
Jinkis_Entredichos_1_p8,Gusmán_Entredichos_1_p13,0,0.3254,0.0,0.125
Jinkis_Entredichos_1_p8,Gusmán_Entredichos_1_p15,0,0.2944,0.037,0.0909
Jinkis_Entredichos_1_p8,Gusmán_Entredichos_1_p16,0,0.4167,0.0333,0.2
Jinkis_Entredichos_1_p9,Jinkis_Entredichos_1_p10,1,0.5429,0.0303,0.3846
Jinkis_Entredichos_1_p9,Jinkis_Entredichos_1_p11,0,0.4294,0.0,0.2727
Jinkis_Entredichos_1_p9,Jinkis_Entredichos_1_p12,0,0.49,0.0,0.4545
Jinkis_Entredichos_1_p9,Jinkis_Entredichos_1_p13,0,0.4162,0.0,0.1538
Jinkis_Entredichos_1_p9,Jinkis_Entredichos_1_p14,1,0.5612,0.0244,0.2667
Jinkis_Entredichos_1_p9,Jinkis_Entredichos_1_p15,0,0.4237,0.0,0.1667
Jinkis_Entredichos_1_p9,Jinkis_Entredichos_1_p16,0,0.5032,0.0222,0.1333
Jinkis_Entredichos_1_p9,Jinkis_Entredichos_1_p17,0,0.3891,0.0588,0.2143
Jinkis_Entredichos_1_p9,Jinkis_Entredichos_1_p18,0,0.4936,0.0,0.4167
Jinkis_Entredichos_1_p9,Grüner_Entredichos_1_p1,0,0.3322,0.0,0.2
Jinkis_Entredichos_1_p9,Grüner_Entredichos_1_p2,0,0.364,0.0,0.2
Jinkis_Entredichos_1_p9,Grüner_Entredichos_1_p7,1,0.4456,0.0,0.3846
Jinkis_Entredichos_1_p9,Grüner_Entredichos_1_p8,0,0.4025,0.0,0.3636
Jinkis_Entredichos_1_p9,Grüner_Entredichos_1_p9,0,0.4204,0.0,0.3636
Jinkis_Entredichos_1_p9,Grüner_Entredichos_1_p10,0,0.4816,0.0294,0.3846
Jinkis_Entredichos_1_p9,Grüner_Entredichos_1_p11,0,0.4792,0.04,0.3636
Jinkis_Entredichos_1_p9,Grüner_Entredichos_1_p12,1,0.5458,0.027,0.3571
Jinkis_Entredichos_1_p9,Grüner_Entredichos_1_p13,0,0.5483,0.0303,0.4167
Jinkis_Entredichos_1_p9,Gusmán_Entredichos_1_p1,0,0.4136,0.0,0.0833
Jinkis_Entredichos_1_p9,Gusmán_Entredichos_1_p2,0,0.3919,0.0,0.0
Jinkis_Entredichos_1_p9,Gusmán_Entredichos_1_p3,0,0.4641,0.0,0.3333
Jinkis_Entredichos_1_p9,Gusmán_Entredichos_1_p5,1,0.5037,0.0,0.0667
Jinkis_Entredichos_1_p9,Gusmán_Entredichos_1_p6,0,0.3733,0.0,0.0
Jinkis_Entredichos_1_p9,Gusmán_Entredichos_1_p7,0,0.4674,0.0312,0.1538
Jinkis_Entredichos_1_p9,Gusmán_Entredichos_1_p8,0,0.3873,0.0,0.0714
Jinkis_Entredichos_1_p9,Gusmán_Entredichos_1_p10,0,0.4331,0.0,0.1538
Jinkis_Entredichos_1_p9,Gusmán_Entredichos_1_p12,0,0.5122,0.0,0.25
Jinkis_Entredichos_1_p9,Gusmán_Entredichos_1_p13,0,0.4779,0.0,0.1667
Jinkis_Entredichos_1_p9,Gusmán_Entredichos_1_p15,0,0.4394,0.0,0.3077
Jinkis_Entredichos_1_p9,Gusmán_Entredichos_1_p16,0,0.3922,0.0,0.3077
Jinkis_Entredichos_1_p10,Jinkis_Entredichos_1_p11,1,0.4448,0.0,0.4
Jinkis_Entredichos_1_p10,Jinkis_Entredichos_1_p12,1,0.5398,0.0,0.6
Jinkis_Entredichos_1_p10,Jinkis_Entredichos_1_p13,1,0.403,0.0,0.1538
Jinkis_Entredichos_1_p10,Jinkis_Entredichos_1_p14,1,0.5018,0.027,0.3571
Jinkis_Entredichos_1_p10,Jinkis_Entredichos_1_p15,1,0.4949,0.0455,0.1667
Jinkis_Entredichos_1_p10,Jinkis_Entredichos_1_p16,1,0.5627,0.05,0.3077
Jinkis_Entredichos_1_p10,Jinkis_Entredichos_1_p17,1,0.4532,0.0323,0.1333
Jinkis_Entredichos_1_p10,Jinkis_Entredichos_1_p18,1,0.463,0.0,0.2143
Jinkis_Entredichos_1_p10,Grüner_Entredichos_1_p1,0,0.3774,0.0,0.2
Jinkis_Entredichos_1_p10,Grüner_Entredichos_1_p2,0,0.3412,0.0,0.2
Jinkis_Entredichos_1_p10,Grüner_Entredichos_1_p7,1,0.4276,0.0,0.125
Jinkis_Entredichos_1_p10,Grüner_Entredichos_1_p8,0,0.396,0.0,0.1538
Jinkis_Entredichos_1_p10,Grüner_Entredichos_1_p9,1,0.3967,0.0,0.3636
Jinkis_Entredichos_1_p10,Grüner_Entredichos_1_p10,1,0.4826,0.0,0.3846
Jinkis_Entredichos_1_p10,Grüner_Entredichos_1_p11,0,0.4914,0.0476,0.25
Jinkis_Entredichos_1_p10,Grüner_Entredichos_1_p12,1,0.5318,0.0,0.1875
Jinkis_Entredichos_1_p10,Grüner_Entredichos_1_p13,0,0.5758,0.0345,0.5455
Jinkis_Entredichos_1_p10,Gusmán_Entredichos_1_p1,0,0.4349,0.0,0.1818
Jinkis_Entredichos_1_p10,Gusmán_Entredichos_1_p2,0,0.3696,0.0,0.1538
Jinkis_Entredichos_1_p10,Gusmán_Entredichos_1_p3,0,0.419,0.0,0.3333
Jinkis_Entredichos_1_p10,Gusmán_Entredichos_1_p5,0,0.565,0.0476,0.4545
Jinkis_Entredichos_1_p10,Gusmán_Entredichos_1_p6,0,0.3817,0.0,0.25
Jinkis_Entredichos_1_p10,Gusmán_Entredichos_1_p7,0,0.3963,0.0357,0.1538
Jinkis_Entredichos_1_p10,Gusmán_Entredichos_1_p8,0,0.4834,0.0357,0.25
Jinkis_Entredichos_1_p10,Gusmán_Entredichos_1_p10,0,0.5146,0.0345,0.5
Jinkis_Entredichos_1_p10,Gusmán_Entredichos_1_p12,0,0.4428,0.0,0.25
Jinkis_Entredichos_1_p10,Gusmán_Entredichos_1_p13,0,0.478,0.0,0.1667
Jinkis_Entredichos_1_p10,Gusmán_Entredichos_1_p15,0,0.4014,0.0,0.3077
Jinkis_Entredichos_1_p10,Gusmán_Entredichos_1_p16,0,0.4164,0.0,0.2143
Jinkis_Entredichos_1_p11,Jinkis_Entredichos_1_p12,1,0.4997,0.0455,0.5
Jinkis_Entredichos_1_p11,Jinkis_Entredichos_1_p13,1,0.3391,0.0,0.2222
Jinkis_Entredichos_1_p11,Jinkis_Entredichos_1_p14,1,0.3977,0.0303,0.0714
Jinkis_Entredichos_1_p11,Jinkis_Entredichos_1_p15,0,0.4064,0.0,0.1111
Jinkis_Entredichos_1_p11,Jinkis_Entredichos_1_p16,0,0.4335,0.0,0.1818
Jinkis_Entredichos_1_p11,Jinkis_Entredichos_1_p17,0,0.291,0.0,0.0833
Jinkis_Entredichos_1_p11,Jinkis_Entredichos_1_p18,1,0.4859,0.0476,0.1818
Jinkis_Entredichos_1_p11,Grüner_Entredichos_1_p1,0,0.3489,0.0,0.1429
Jinkis_Entredichos_1_p11,Grüner_Entredichos_1_p2,0,0.4438,0.0,0.1429
Jinkis_Entredichos_1_p11,Grüner_Entredichos_1_p7,1,0.313,0.0,0.0769
Jinkis_Entredichos_1_p11,Grüner_Entredichos_1_p8,0,0.2983,0.0,0.1
Jinkis_Entredichos_1_p11,Grüner_Entredichos_1_p9,1,0.3849,0.0526,0.2222
Jinkis_Entredichos_1_p11,Grüner_Entredichos_1_p10,1,0.4464,0.0,0.2727
Jinkis_Entredichos_1_p11,Grüner_Entredichos_1_p11,0,0.3225,0.0,0.2222
Jinkis_Entredichos_1_p11,Grüner_Entredichos_1_p12,1,0.4238,0.0,0.1538
Jinkis_Entredichos_1_p11,Grüner_Entredichos_1_p13,0,0.3917,0.0,0.3
Jinkis_Entredichos_1_p11,Gusmán_Entredichos_1_p1,0,0.473,0.0455,0.125
Jinkis_Entredichos_1_p11,Gusmán_Entredichos_1_p2,1,0.4734,0.0,0.2222
Jinkis_Entredichos_1_p11,Gusmán_Entredichos_1_p3,0,0.3549,0.0,0.2
Jinkis_Entredichos_1_p11,Gusmán_Entredichos_1_p5,0,0.4405,0.0,0.2
Jinkis_Entredichos_1_p11,Gusmán_Entredichos_1_p6,0,0.4089,0.037,0.2222
Jinkis_Entredichos_1_p11,Gusmán_Entredichos_1_p7,0,0.5189,0.0417,0.2222
Jinkis_Entredichos_1_p11,Gusmán_Entredichos_1_p8,0,0.2868,0.0,0.1
Jinkis_Entredichos_1_p11,Gusmán_Entredichos_1_p10,0,0.3524,0.0,0.2222
Jinkis_Entredichos_1_p11,Gusmán_Entredichos_1_p12,0,0.3834,0.0,0.1
Jinkis_Entredichos_1_p11,Gusmán_Entredichos_1_p13,0,0.3611,0.0,0.25
Jinkis_Entredichos_1_p11,Gusmán_Entredichos_1_p15,0,0.3691,0.0,0.3
Jinkis_Entredichos_1_p11,Gusmán_Entredichos_1_p16,0,0.3873,0.0455,0.1818
Jinkis_Entredichos_1_p12,Jinkis_Entredichos_1_p13,1,0.4885,0.0455,0.1818
Jinkis_Entredichos_1_p12,Jinkis_Entredichos_1_p14,0,0.4268,0.0,0.2143
Jinkis_Entredichos_1_p12,Jinkis_Entredichos_1_p15,0,0.4702,0.0,0.2
Jinkis_Entredichos_1_p12,Jinkis_Entredichos_1_p16,0,0.4894,0.0263,0.3636
Jinkis_Entredichos_1_p12,Jinkis_Entredichos_1_p17,0,0.333,0.0,0.1538
Jinkis_Entredichos_1_p12,Jinkis_Entredichos_1_p18,1,0.4646,0.0455,0.25
Jinkis_Entredichos_1_p12,Grüner_Entredichos_1_p1,0,0.3456,0.0,0.1111
Jinkis_Entredichos_1_p12,Grüner_Entredichos_1_p2,0,0.3924,0.0,0.25
Jinkis_Entredichos_1_p12,Grüner_Entredichos_1_p7,1,0.4255,0.037,0.1429
Jinkis_Entredichos_1_p12,Grüner_Entredichos_1_p8,0,0.4056,0.0556,0.1818
Jinkis_Entredichos_1_p12,Grüner_Entredichos_1_p9,1,0.3809,0.05,0.3
Jinkis_Entredichos_1_p12,Grüner_Entredichos_1_p10,1,0.5012,0.037,0.3333
Jinkis_Entredichos_1_p12,Grüner_Entredichos_1_p11,0,0.4382,0.0,0.3
Jinkis_Entredichos_1_p12,Grüner_Entredichos_1_p12,1,0.5263,0.069,0.2143
Jinkis_Entredichos_1_p12,Grüner_Entredichos_1_p13,0,0.5069,0.0,0.6667
Jinkis_Entredichos_1_p12,Gusmán_Entredichos_1_p1,0,0.3767,0.0,0.0
Jinkis_Entredichos_1_p12,Gusmán_Entredichos_1_p2,0,0.3745,0.0,0.0833
Jinkis_Entredichos_1_p12,Gusmán_Entredichos_1_p3,0,0.3555,0.0,0.2727
Jinkis_Entredichos_1_p12,Gusmán_Entredichos_1_p5,0,0.4612,0.0556,0.1667
Jinkis_Entredichos_1_p12,Gusmán_Entredichos_1_p6,0,0.305,0.0,0.0833
Jinkis_Entredichos_1_p12,Gusmán_Entredichos_1_p7,0,0.392,0.0,0.0833
Jinkis_Entredichos_1_p12,Gusmán_Entredichos_1_p8,0,0.4105,0.04,0.0833
Jinkis_Entredichos_1_p12,Gusmán_Entredichos_1_p10,0,0.3848,0.0385,0.1818
Jinkis_Entredichos_1_p12,Gusmán_Entredichos_1_p12,0,0.4177,0.1053,0.1818
Jinkis_Entredichos_1_p12,Gusmán_Entredichos_1_p13,0,0.3725,0.0,0.2
Jinkis_Entredichos_1_p12,Gusmán_Entredichos_1_p15,0,0.4069,0.0,0.3636
Jinkis_Entredichos_1_p12,Gusmán_Entredichos_1_p16,0,0.4446,0.0435,0.25
Jinkis_Entredichos_1_p13,Jinkis_Entredichos_1_p14,0,0.367,0.0,0.1429
Jinkis_Entredichos_1_p13,Jinkis_Entredichos_1_p15,0,0.3806,0.0,0.2222
Jinkis_Entredichos_1_p13,Jinkis_Entredichos_1_p16,0,0.3576,0.0,0.1667
Jinkis_Entredichos_1_p13,Jinkis_Entredichos_1_p17,0,0.2714,0.0,0.2727
Jinkis_Entredichos_1_p13,Jinkis_Entredichos_1_p18,1,0.3745,0.0,0.1667
Jinkis_Entredichos_1_p13,Grüner_Entredichos_1_p1,0,0.3446,0.0,0.2857
Jinkis_Entredichos_1_p13,Grüner_Entredichos_1_p2,0,0.2932,0.0,0.0
Jinkis_Entredichos_1_p13,Grüner_Entredichos_1_p7,1,0.3422,0.0385,0.25
Jinkis_Entredichos_1_p13,Grüner_Entredichos_1_p8,0,0.3122,0.0,0.2
Jinkis_Entredichos_1_p13,Grüner_Entredichos_1_p9,1,0.2568,0.0,0.2
Jinkis_Entredichos_1_p13,Grüner_Entredichos_1_p10,1,0.494,0.0385,0.1538
Jinkis_Entredichos_1_p13,Grüner_Entredichos_1_p11,0,0.3702,0.0,0.2
Jinkis_Entredichos_1_p13,Grüner_Entredichos_1_p12,1,0.3644,0.0,0.3333
Jinkis_Entredichos_1_p13,Grüner_Entredichos_1_p13,0,0.3795,0.0,0.1667
Jinkis_Entredichos_1_p13,Gusmán_Entredichos_1_p1,0,0.3881,0.0,0.0
Jinkis_Entredichos_1_p13,Gusmán_Entredichos_1_p2,0,0.3716,0.0,0.2
Jinkis_Entredichos_1_p13,Gusmán_Entredichos_1_p3,0,0.3422,0.0,0.0
Jinkis_Entredichos_1_p13,Gusmán_Entredichos_1_p5,0,0.4435,0.0588,0.0
Jinkis_Entredichos_1_p13,Gusmán_Entredichos_1_p6,0,0.309,0.0,0.0909
Jinkis_Entredichos_1_p13,Gusmán_Entredichos_1_p7,0,0.3299,0.0,0.0909
Jinkis_Entredichos_1_p13,Gusmán_Entredichos_1_p8,0,0.3323,0.0,0.0
Jinkis_Entredichos_1_p13,Gusmán_Entredichos_1_p10,0,0.3506,0.0,0.0
Jinkis_Entredichos_1_p13,Gusmán_Entredichos_1_p12,0,0.3092,0.0,0.0909
Jinkis_Entredichos_1_p13,Gusmán_Entredichos_1_p13,0,0.3254,0.0,0.0
Jinkis_Entredichos_1_p13,Gusmán_Entredichos_1_p15,0,0.3585,0.0,0.1667
Jinkis_Entredichos_1_p13,Gusmán_Entredichos_1_p16,0,0.4257,0.0,0.2727
Jinkis_Entredichos_1_p14,Jinkis_Entredichos_1_p15,1,0.4227,0.0,0.1538
Jinkis_Entredichos_1_p14,Jinkis_Entredichos_1_p16,0,0.4663,0.0204,0.2
Jinkis_Entredichos_1_p14,Jinkis_Entredichos_1_p17,1,0.3745,0.0256,0.3846
Jinkis_Entredichos_1_p14,Jinkis_Entredichos_1_p18,1,0.4183,0.0,0.2857
Jinkis_Entredichos_1_p14,Grüner_Entredichos_1_p1,0,0.2914,0.0,0.1818
Jinkis_Entredichos_1_p14,Grüner_Entredichos_1_p2,0,0.3275,0.087,0.0833
Jinkis_Entredichos_1_p14,Grüner_Entredichos_1_p7,0,0.4765,0.0,0.3571
Jinkis_Entredichos_1_p14,Grüner_Entredichos_1_p8,0,0.4386,0.0,0.3333
Jinkis_Entredichos_1_p14,Grüner_Entredichos_1_p9,0,0.361,0.0,0.3333
Jinkis_Entredichos_1_p14,Grüner_Entredichos_1_p10,0,0.4825,0.0,0.2667
Jinkis_Entredichos_1_p14,Grüner_Entredichos_1_p11,0,0.5468,0.0,0.3333
Jinkis_Entredichos_1_p14,Grüner_Entredichos_1_p12,0,0.6624,0.1053,0.3333
Jinkis_Entredichos_1_p14,Grüner_Entredichos_1_p13,0,0.6005,0.0556,0.2857
Jinkis_Entredichos_1_p14,Gusmán_Entredichos_1_p1,0,0.4258,0.0,0.1667
Jinkis_Entredichos_1_p14,Gusmán_Entredichos_1_p2,1,0.3743,0.0,0.1429
Jinkis_Entredichos_1_p14,Gusmán_Entredichos_1_p3,0,0.4067,0.0278,0.2143
Jinkis_Entredichos_1_p14,Gusmán_Entredichos_1_p5,0,0.4692,0.0,0.3077
Jinkis_Entredichos_1_p14,Gusmán_Entredichos_1_p6,0,0.4086,0.0256,0.1429
Jinkis_Entredichos_1_p14,Gusmán_Entredichos_1_p7,0,0.509,0.0571,0.0667
Jinkis_Entredichos_1_p14,Gusmán_Entredichos_1_p8,0,0.4182,0.0571,0.1429
Jinkis_Entredichos_1_p14,Gusmán_Entredichos_1_p10,0,0.4309,0.027,0.2308
Jinkis_Entredichos_1_p14,Gusmán_Entredichos_1_p12,0,0.6627,0.0323,0.3333
Jinkis_Entredichos_1_p14,Gusmán_Entredichos_1_p13,0,0.6192,0.0312,0.1538
Jinkis_Entredichos_1_p14,Gusmán_Entredichos_1_p15,0,0.5407,0.0323,0.3846
Jinkis_Entredichos_1_p14,Gusmán_Entredichos_1_p16,1,0.4226,0.0,0.2
Jinkis_Entredichos_1_p15,Jinkis_Entredichos_1_p16,1,0.5299,0.0294,0.3
Jinkis_Entredichos_1_p15,Jinkis_Entredichos_1_p17,1,0.4783,0.0417,0.4444
Jinkis_Entredichos_1_p15,Jinkis_Entredichos_1_p18,1,0.5508,0.0,0.1818
Jinkis_Entredichos_1_p15,Grüner_Entredichos_1_p1,0,0.3147,0.0,0.3333
Jinkis_Entredichos_1_p15,Grüner_Entredichos_1_p2,0,0.3302,0.0,0.1429
Jinkis_Entredichos_1_p15,Grüner_Entredichos_1_p7,0,0.3717,0.0,0.1667
Jinkis_Entredichos_1_p15,Grüner_Entredichos_1_p8,0,0.2655,0.0,0.0
Jinkis_Entredichos_1_p15,Grüner_Entredichos_1_p9,0,0.3138,0.0,0.1
Jinkis_Entredichos_1_p15,Grüner_Entredichos_1_p10,0,0.3807,0.0,0.0769
Jinkis_Entredichos_1_p15,Grüner_Entredichos_1_p11,0,0.4145,0.0,0.2222
Jinkis_Entredichos_1_p15,Grüner_Entredichos_1_p12,0,0.3718,0.0,0.1538
Jinkis_Entredichos_1_p15,Grüner_Entredichos_1_p13,0,0.4597,0.0,0.1818
Jinkis_Entredichos_1_p15,Gusmán_Entredichos_1_p1,0,0.3279,0.0,0.0
Jinkis_Entredichos_1_p15,Gusmán_Entredichos_1_p2,0,0.3566,0.0,0.1
Jinkis_Entredichos_1_p15,Gusmán_Entredichos_1_p3,0,0.3224,0.0,0.0
Jinkis_Entredichos_1_p15,Gusmán_Entredichos_1_p5,0,0.2993,0.0,0.0
Jinkis_Entredichos_1_p15,Gusmán_Entredichos_1_p6,0,0.3229,0.0,0.0
Jinkis_Entredichos_1_p15,Gusmán_Entredichos_1_p7,0,0.3424,0.0,0.0
Jinkis_Entredichos_1_p15,Gusmán_Entredichos_1_p8,0,0.3466,0.0,0.1
Jinkis_Entredichos_1_p15,Gusmán_Entredichos_1_p10,0,0.3295,0.0,0.0
Jinkis_Entredichos_1_p15,Gusmán_Entredichos_1_p12,0,0.3757,0.0,0.1
Jinkis_Entredichos_1_p15,Gusmán_Entredichos_1_p13,0,0.422,0.0,0.0
Jinkis_Entredichos_1_p15,Gusmán_Entredichos_1_p15,0,0.426,0.0,0.1818
Jinkis_Entredichos_1_p15,Gusmán_Entredichos_1_p16,1,0.3762,0.0,0.1818
Jinkis_Entredichos_1_p16,Jinkis_Entredichos_1_p17,1,0.5577,0.0476,0.3333
Jinkis_Entredichos_1_p16,Jinkis_Entredichos_1_p18,0,0.4523,0.0,0.0667
Jinkis_Entredichos_1_p16,Grüner_Entredichos_1_p1,0,0.312,0.0,0.2222
Jinkis_Entredichos_1_p16,Grüner_Entredichos_1_p2,0,0.3373,0.0,0.2222
Jinkis_Entredichos_1_p16,Grüner_Entredichos_1_p7,0,0.3749,0.0,0.1333
Jinkis_Entredichos_1_p16,Grüner_Entredichos_1_p8,0,0.3807,0.0,0.0
Jinkis_Entredichos_1_p16,Grüner_Entredichos_1_p9,0,0.3717,0.0,0.0769
Jinkis_Entredichos_1_p16,Grüner_Entredichos_1_p10,0,0.4993,0.0,0.0625
Jinkis_Entredichos_1_p16,Grüner_Entredichos_1_p11,0,0.4097,0.0,0.0769
Jinkis_Entredichos_1_p16,Grüner_Entredichos_1_p12,0,0.5404,0.0455,0.125
Jinkis_Entredichos_1_p16,Grüner_Entredichos_1_p13,0,0.5959,0.0244,0.3333
Jinkis_Entredichos_1_p16,Gusmán_Entredichos_1_p1,0,0.3527,0.0,0.0
Jinkis_Entredichos_1_p16,Gusmán_Entredichos_1_p2,0,0.4008,0.0,0.0769
Jinkis_Entredichos_1_p16,Gusmán_Entredichos_1_p3,0,0.3324,0.0,0.0714
Jinkis_Entredichos_1_p16,Gusmán_Entredichos_1_p5,0,0.4367,0.0,0.1538
Jinkis_Entredichos_1_p16,Gusmán_Entredichos_1_p6,0,0.371,0.0,0.0769
Jinkis_Entredichos_1_p16,Gusmán_Entredichos_1_p7,0,0.377,0.0,0.0769
Jinkis_Entredichos_1_p16,Gusmán_Entredichos_1_p8,0,0.3564,0.0,0.0
Jinkis_Entredichos_1_p16,Gusmán_Entredichos_1_p10,0,0.388,0.0,0.0769
Jinkis_Entredichos_1_p16,Gusmán_Entredichos_1_p12,0,0.4265,0.0,0.0769
Jinkis_Entredichos_1_p16,Gusmán_Entredichos_1_p13,0,0.4563,0.0,0.0833
Jinkis_Entredichos_1_p16,Gusmán_Entredichos_1_p15,0,0.4209,0.0,0.1429
Jinkis_Entredichos_1_p16,Gusmán_Entredichos_1_p16,0,0.3499,0.0,0.1429
Jinkis_Entredichos_1_p17,Jinkis_Entredichos_1_p18,1,0.3354,0.0,0.2308
Jinkis_Entredichos_1_p17,Grüner_Entredichos_1_p1,0,0.2746,0.0,0.2222
Jinkis_Entredichos_1_p17,Grüner_Entredichos_1_p2,0,0.2717,0.0,0.2222
Jinkis_Entredichos_1_p17,Grüner_Entredichos_1_p7,0,0.3545,0.0,0.4167
Jinkis_Entredichos_1_p17,Grüner_Entredichos_1_p8,0,0.2618,0.0,0.2727
Jinkis_Entredichos_1_p17,Grüner_Entredichos_1_p9,0,0.3337,0.0,0.1667
Jinkis_Entredichos_1_p17,Grüner_Entredichos_1_p10,0,0.3389,0.0,0.1333
Jinkis_Entredichos_1_p17,Grüner_Entredichos_1_p11,0,0.3617,0.0,0.2727
Jinkis_Entredichos_1_p17,Grüner_Entredichos_1_p12,0,0.4166,0.0286,0.3846
Jinkis_Entredichos_1_p17,Grüner_Entredichos_1_p13,0,0.418,0.0,0.2308
Jinkis_Entredichos_1_p17,Gusmán_Entredichos_1_p1,0,0.2891,0.0,0.0
Jinkis_Entredichos_1_p17,Gusmán_Entredichos_1_p2,0,0.2701,0.0,0.0769
Jinkis_Entredichos_1_p17,Gusmán_Entredichos_1_p3,0,0.3324,0.0,0.0
Jinkis_Entredichos_1_p17,Gusmán_Entredichos_1_p5,0,0.3055,0.0,0.0
Jinkis_Entredichos_1_p17,Gusmán_Entredichos_1_p6,0,0.4135,0.0303,0.0
Jinkis_Entredichos_1_p17,Gusmán_Entredichos_1_p7,0,0.3065,0.0,0.0
Jinkis_Entredichos_1_p17,Gusmán_Entredichos_1_p8,0,0.3016,0.0,0.0769
Jinkis_Entredichos_1_p17,Gusmán_Entredichos_1_p10,0,0.3178,0.0,0.0
Jinkis_Entredichos_1_p17,Gusmán_Entredichos_1_p12,0,0.3794,0.0,0.1667
Jinkis_Entredichos_1_p17,Gusmán_Entredichos_1_p13,0,0.3531,0.0,0.0
Jinkis_Entredichos_1_p17,Gusmán_Entredichos_1_p15,0,0.3814,0.0,0.2308
Jinkis_Entredichos_1_p17,Gusmán_Entredichos_1_p16,1,0.3248,0.0,0.2308
Jinkis_Entredichos_1_p18,Grüner_Entredichos_1_p1,0,0.3122,0.0,0.2222
Jinkis_Entredichos_1_p18,Grüner_Entredichos_1_p2,0,0.436,0.0,0.0
Jinkis_Entredichos_1_p18,Grüner_Entredichos_1_p7,1,0.4408,0.0385,0.4167
Jinkis_Entredichos_1_p18,Grüner_Entredichos_1_p8,0,0.3359,0.0,0.4
Jinkis_Entredichos_1_p18,Grüner_Entredichos_1_p9,1,0.4208,0.0526,0.5556
Jinkis_Entredichos_1_p18,Grüner_Entredichos_1_p10,1,0.4203,0.0,0.4167
Jinkis_Entredichos_1_p18,Grüner_Entredichos_1_p11,0,0.4255,0.0,0.75
Jinkis_Entredichos_1_p18,Grüner_Entredichos_1_p12,1,0.4469,0.0,0.5
Jinkis_Entredichos_1_p18,Grüner_Entredichos_1_p13,0,0.4793,0.0,0.4545
Jinkis_Entredichos_1_p18,Gusmán_Entredichos_1_p1,0,0.382,0.0,0.0909
Jinkis_Entredichos_1_p18,Gusmán_Entredichos_1_p2,0,0.3985,0.0,0.0769
Jinkis_Entredichos_1_p18,Gusmán_Entredichos_1_p3,0,0.4014,0.0,0.1538
Jinkis_Entredichos_1_p18,Gusmán_Entredichos_1_p5,0,0.3724,0.0588,0.0714
Jinkis_Entredichos_1_p18,Gusmán_Entredichos_1_p6,0,0.296,0.0,0.0
Jinkis_Entredichos_1_p18,Gusmán_Entredichos_1_p7,0,0.4297,0.0,0.2727
Jinkis_Entredichos_1_p18,Gusmán_Entredichos_1_p8,0,0.3974,0.0,0.0769
Jinkis_Entredichos_1_p18,Gusmán_Entredichos_1_p10,0,0.3925,0.0,0.0769
Jinkis_Entredichos_1_p18,Gusmán_Entredichos_1_p12,0,0.4282,0.0,0.4
Jinkis_Entredichos_1_p18,Gusmán_Entredichos_1_p13,0,0.4055,0.0,0.1818
Jinkis_Entredichos_1_p18,Gusmán_Entredichos_1_p15,0,0.4201,0.0,0.6
Jinkis_Entredichos_1_p18,Gusmán_Entredichos_1_p16,1,0.4052,0.0455,0.4545
Grüner_Entredichos_1_p1,Grüner_Entredichos_1_p2,0,0.3927,0.0,0.0
Grüner_Entredichos_1_p1,Grüner_Entredichos_1_p7,0,0.317,0.0,0.3333
Grüner_Entredichos_1_p1,Grüner_Entredichos_1_p8,0,0.1901,0.0,0.125
Grüner_Entredichos_1_p1,Grüner_Entredichos_1_p9,0,0.2918,0.0,0.2857
Grüner_Entredichos_1_p1,Grüner_Entredichos_1_p10,0,0.2999,0.0,0.2
Grüner_Entredichos_1_p1,Grüner_Entredichos_1_p11,0,0.2997,0.0,0.2857
Grüner_Entredichos_1_p1,Grüner_Entredichos_1_p12,0,0.2878,0.0,0.3
Grüner_Entredichos_1_p1,Grüner_Entredichos_1_p13,0,0.4065,0.0588,0.2222
Grüner_Entredichos_1_p1,Gusmán_Entredichos_1_p1,0,0.2822,0.0,0.1667
Grüner_Entredichos_1_p1,Gusmán_Entredichos_1_p2,0,0.2942,0.0,0.0
Grüner_Entredichos_1_p1,Gusmán_Entredichos_1_p3,0,0.3213,0.0,0.1111
Grüner_Entredichos_1_p1,Gusmán_Entredichos_1_p5,0,0.3335,0.0,0.1111
Grüner_Entredichos_1_p1,Gusmán_Entredichos_1_p6,0,0.2667,0.0,0.0
Grüner_Entredichos_1_p1,Gusmán_Entredichos_1_p7,0,0.2584,0.0,0.125
Grüner_Entredichos_1_p1,Gusmán_Entredichos_1_p8,0,0.3693,0.0625,0.0
Grüner_Entredichos_1_p1,Gusmán_Entredichos_1_p10,0,0.3553,0.0,0.125
Grüner_Entredichos_1_p1,Gusmán_Entredichos_1_p12,0,0.3447,0.0,0.2857
Grüner_Entredichos_1_p1,Gusmán_Entredichos_1_p13,0,0.2585,0.0,0.1429
Grüner_Entredichos_1_p1,Gusmán_Entredichos_1_p15,0,0.2799,0.0,0.2222
Grüner_Entredichos_1_p1,Gusmán_Entredichos_1_p16,0,0.3783,0.0,0.375
Grüner_Entredichos_1_p2,Grüner_Entredichos_1_p7,0,0.3031,0.0,0.0
Grüner_Entredichos_1_p2,Grüner_Entredichos_1_p8,0,0.1831,0.0,0.0
Grüner_Entredichos_1_p2,Grüner_Entredichos_1_p9,0,0.3252,0.0,0.0
Grüner_Entredichos_1_p2,Grüner_Entredichos_1_p10,0,0.2929,0.0,0.0909
Grüner_Entredichos_1_p2,Grüner_Entredichos_1_p11,0,0.3256,0.0,0.0
Grüner_Entredichos_1_p2,Grüner_Entredichos_1_p12,0,0.2961,0.0,0.0
Grüner_Entredichos_1_p2,Grüner_Entredichos_1_p13,1,0.3703,0.0625,0.1
Grüner_Entredichos_1_p2,Gusmán_Entredichos_1_p1,0,0.3733,0.0,0.0
Grüner_Entredichos_1_p2,Gusmán_Entredichos_1_p2,0,0.3084,0.0,0.0
Grüner_Entredichos_1_p2,Gusmán_Entredichos_1_p3,0,0.3863,0.0667,0.1111
Grüner_Entredichos_1_p2,Gusmán_Entredichos_1_p5,0,0.3197,0.0,0.0
Grüner_Entredichos_1_p2,Gusmán_Entredichos_1_p6,0,0.3187,0.0556,0.0
Grüner_Entredichos_1_p2,Gusmán_Entredichos_1_p7,0,0.2873,0.0,0.0
Grüner_Entredichos_1_p2,Gusmán_Entredichos_1_p8,0,0.3644,0.0667,0.125
Grüner_Entredichos_1_p2,Gusmán_Entredichos_1_p10,0,0.3561,0.0,0.125
Grüner_Entredichos_1_p2,Gusmán_Entredichos_1_p12,0,0.3079,0.0,0.0
Grüner_Entredichos_1_p2,Gusmán_Entredichos_1_p13,0,0.3326,0.0,0.0
Grüner_Entredichos_1_p2,Gusmán_Entredichos_1_p15,0,0.3118,0.0,0.0
Grüner_Entredichos_1_p2,Gusmán_Entredichos_1_p16,0,0.3055,0.0,0.0
Grüner_Entredichos_1_p7,Grüner_Entredichos_1_p8,1,0.4543,0.0455,0.5
Grüner_Entredichos_1_p7,Grüner_Entredichos_1_p9,1,0.4924,0.0,0.3636
Grüner_Entredichos_1_p7,Grüner_Entredichos_1_p10,1,0.4081,0.0323,0.2857
Grüner_Entredichos_1_p7,Grüner_Entredichos_1_p11,0,0.3726,0.0,0.3636
Grüner_Entredichos_1_p7,Grüner_Entredichos_1_p12,1,0.5269,0.0294,0.7273
Grüner_Entredichos_1_p7,Grüner_Entredichos_1_p13,0,0.4772,0.0,0.3077
Grüner_Entredichos_1_p7,Gusmán_Entredichos_1_p1,0,0.3083,0.0,0.0833
Grüner_Entredichos_1_p7,Gusmán_Entredichos_1_p2,0,0.3073,0.0,0.0
Grüner_Entredichos_1_p7,Gusmán_Entredichos_1_p3,0,0.3268,0.0,0.1429
Grüner_Entredichos_1_p7,Gusmán_Entredichos_1_p5,1,0.3034,0.0455,0.0667
Grüner_Entredichos_1_p7,Gusmán_Entredichos_1_p6,0,0.3021,0.0,0.0
Grüner_Entredichos_1_p7,Gusmán_Entredichos_1_p7,0,0.3531,0.0,0.0714
Grüner_Entredichos_1_p7,Gusmán_Entredichos_1_p8,1,0.3828,0.0,0.0714
Grüner_Entredichos_1_p7,Gusmán_Entredichos_1_p10,1,0.3859,0.0333,0.0714
Grüner_Entredichos_1_p7,Gusmán_Entredichos_1_p12,1,0.5034,0.0417,0.5
Grüner_Entredichos_1_p7,Gusmán_Entredichos_1_p13,0,0.382,0.0,0.1667
Grüner_Entredichos_1_p7,Gusmán_Entredichos_1_p15,0,0.3871,0.0,0.3077
Grüner_Entredichos_1_p7,Gusmán_Entredichos_1_p16,0,0.3556,0.0,0.5455
Grüner_Entredichos_1_p8,Grüner_Entredichos_1_p9,0,0.5165,0.0,0.5
Grüner_Entredichos_1_p8,Grüner_Entredichos_1_p10,0,0.3769,0.0455,0.3636
Grüner_Entredichos_1_p8,Grüner_Entredichos_1_p11,0,0.5057,0.0,0.5
Grüner_Entredichos_1_p8,Grüner_Entredichos_1_p12,1,0.5434,0.0833,0.6
Grüner_Entredichos_1_p8,Grüner_Entredichos_1_p13,0,0.4312,0.0,0.4
Grüner_Entredichos_1_p8,Gusmán_Entredichos_1_p1,0,0.3426,0.0,0.1111
Grüner_Entredichos_1_p8,Gusmán_Entredichos_1_p2,0,0.2698,0.0,0.0
Grüner_Entredichos_1_p8,Gusmán_Entredichos_1_p3,0,0.2331,0.0,0.1818
Grüner_Entredichos_1_p8,Gusmán_Entredichos_1_p5,0,0.3399,0.0,0.0833
Grüner_Entredichos_1_p8,Gusmán_Entredichos_1_p6,0,0.3178,0.0,0.0
Grüner_Entredichos_1_p8,Gusmán_Entredichos_1_p7,0,0.3305,0.0,0.2
Grüner_Entredichos_1_p8,Gusmán_Entredichos_1_p8,1,0.2978,0.0,0.0909
Grüner_Entredichos_1_p8,Gusmán_Entredichos_1_p10,1,0.3488,0.0476,0.0909
Grüner_Entredichos_1_p8,Gusmán_Entredichos_1_p12,1,0.4472,0.0667,0.3333
Grüner_Entredichos_1_p8,Gusmán_Entredichos_1_p13,0,0.4065,0.0,0.2222
Grüner_Entredichos_1_p8,Gusmán_Entredichos_1_p15,0,0.3413,0.0,0.4
Grüner_Entredichos_1_p8,Gusmán_Entredichos_1_p16,0,0.3326,0.0,0.4
Grüner_Entredichos_1_p9,Grüner_Entredichos_1_p10,1,0.4036,0.0,0.6667
Grüner_Entredichos_1_p9,Grüner_Entredichos_1_p11,0,0.3999,0.0,0.7143
Grüner_Entredichos_1_p9,Grüner_Entredichos_1_p12,1,0.4778,0.037,0.4545
Grüner_Entredichos_1_p9,Grüner_Entredichos_1_p13,0,0.3874,0.0,0.5556
Grüner_Entredichos_1_p9,Gusmán_Entredichos_1_p1,0,0.2427,0.0,0.1111
Grüner_Entredichos_1_p9,Gusmán_Entredichos_1_p2,0,0.2436,0.0,0.0909
Grüner_Entredichos_1_p9,Gusmán_Entredichos_1_p3,0,0.275,0.0,0.3
Grüner_Entredichos_1_p9,Gusmán_Entredichos_1_p5,0,0.2824,0.0,0.1818
Grüner_Entredichos_1_p9,Gusmán_Entredichos_1_p6,0,0.3122,0.04,0.0909
Grüner_Entredichos_1_p9,Gusmán_Entredichos_1_p7,0,0.3255,0.0455,0.2
Grüner_Entredichos_1_p9,Gusmán_Entredichos_1_p8,0,0.3536,0.0,0.2
Grüner_Entredichos_1_p9,Gusmán_Entredichos_1_p10,0,0.3729,0.0,0.2
Grüner_Entredichos_1_p9,Gusmán_Entredichos_1_p12,0,0.4107,0.0,0.7143
Grüner_Entredichos_1_p9,Gusmán_Entredichos_1_p13,0,0.3589,0.0,0.2222
Grüner_Entredichos_1_p9,Gusmán_Entredichos_1_p15,0,0.2977,0.0,0.5556
Grüner_Entredichos_1_p9,Gusmán_Entredichos_1_p16,0,0.3239,0.05,0.5556
Grüner_Entredichos_1_p10,Grüner_Entredichos_1_p11,0,0.4805,0.0455,0.5
Grüner_Entredichos_1_p10,Grüner_Entredichos_1_p12,1,0.5803,0.0294,0.3571
Grüner_Entredichos_1_p10,Grüner_Entredichos_1_p13,0,0.5385,0.0,0.4167
Grüner_Entredichos_1_p10,Gusmán_Entredichos_1_p1,0,0.4385,0.0,0.1818
Grüner_Entredichos_1_p10,Gusmán_Entredichos_1_p2,0,0.3892,0.0,0.0714
Grüner_Entredichos_1_p10,Gusmán_Entredichos_1_p3,0,0.3672,0.0,0.4545
Grüner_Entredichos_1_p10,Gusmán_Entredichos_1_p5,0,0.4112,0.0,0.2308
Grüner_Entredichos_1_p10,Gusmán_Entredichos_1_p6,0,0.3534,0.0,0.1538
Grüner_Entredichos_1_p10,Gusmán_Entredichos_1_p7,0,0.4941,0.0345,0.25
Grüner_Entredichos_1_p10,Gusmán_Entredichos_1_p8,0,0.42,0.0,0.3636
Grüner_Entredichos_1_p10,Gusmán_Entredichos_1_p10,0,0.4469,0.0333,0.3636
Grüner_Entredichos_1_p10,Gusmán_Entredichos_1_p12,0,0.5071,0.0417,0.5
Grüner_Entredichos_1_p10,Gusmán_Entredichos_1_p13,0,0.491,0.0,0.1667
Grüner_Entredichos_1_p10,Gusmán_Entredichos_1_p15,0,0.4659,0.0417,0.4167
Grüner_Entredichos_1_p10,Gusmán_Entredichos_1_p16,0,0.4533,0.0,0.5455
Grüner_Entredichos_1_p11,Grüner_Entredichos_1_p12,1,0.5672,0.0,0.4545
Grüner_Entredichos_1_p11,Grüner_Entredichos_1_p13,1,0.5404,0.0476,0.5556
Grüner_Entredichos_1_p11,Gusmán_Entredichos_1_p1,0,0.3931,0.0,0.1111
Grüner_Entredichos_1_p11,Gusmán_Entredichos_1_p2,1,0.3157,0.0,0.0909
Grüner_Entredichos_1_p11,Gusmán_Entredichos_1_p3,0,0.3523,0.0,0.1818
Grüner_Entredichos_1_p11,Gusmán_Entredichos_1_p5,0,0.4298,0.0,0.0833
Grüner_Entredichos_1_p11,Gusmán_Entredichos_1_p6,0,0.3791,0.0,0.0
Grüner_Entredichos_1_p11,Gusmán_Entredichos_1_p7,0,0.4258,0.05,0.2
Grüner_Entredichos_1_p11,Gusmán_Entredichos_1_p8,0,0.4426,0.0,0.0909
Grüner_Entredichos_1_p11,Gusmán_Entredichos_1_p10,0,0.4348,0.0476,0.0909
Grüner_Entredichos_1_p11,Gusmán_Entredichos_1_p12,1,0.5931,0.0,0.5
Grüner_Entredichos_1_p11,Gusmán_Entredichos_1_p13,1,0.5092,0.0,0.2222
Grüner_Entredichos_1_p11,Gusmán_Entredichos_1_p15,1,0.4802,0.0,0.75
Grüner_Entredichos_1_p11,Gusmán_Entredichos_1_p16,0,0.4534,0.0556,0.5556
Grüner_Entredichos_1_p12,Grüner_Entredichos_1_p13,1,0.6088,0.0303,0.3846
Grüner_Entredichos_1_p12,Gusmán_Entredichos_1_p1,0,0.3698,0.0,0.0769
Grüner_Entredichos_1_p12,Gusmán_Entredichos_1_p2,1,0.3102,0.0,0.0
Grüner_Entredichos_1_p12,Gusmán_Entredichos_1_p3,0,0.3833,0.0,0.1333
Grüner_Entredichos_1_p12,Gusmán_Entredichos_1_p5,1,0.422,0.0,0.0625
Grüner_Entredichos_1_p12,Gusmán_Entredichos_1_p6,0,0.369,0.0,0.0
Grüner_Entredichos_1_p12,Gusmán_Entredichos_1_p7,1,0.5196,0.0645,0.2308
Grüner_Entredichos_1_p12,Gusmán_Entredichos_1_p8,0,0.4479,0.0,0.0667
Grüner_Entredichos_1_p12,Gusmán_Entredichos_1_p10,0,0.4608,0.0303,0.0667
Grüner_Entredichos_1_p12,Gusmán_Entredichos_1_p12,1,0.6672,0.0769,0.4545
Grüner_Entredichos_1_p12,Gusmán_Entredichos_1_p13,1,0.548,0.0357,0.1538
Grüner_Entredichos_1_p12,Gusmán_Entredichos_1_p15,1,0.4907,0.037,0.3846
Grüner_Entredichos_1_p12,Gusmán_Entredichos_1_p16,0,0.4458,0.0333,0.6364
Grüner_Entredichos_1_p13,Gusmán_Entredichos_1_p1,0,0.3959,0.0,0.0909
Grüner_Entredichos_1_p13,Gusmán_Entredichos_1_p2,1,0.3469,0.0,0.0769
Grüner_Entredichos_1_p13,Gusmán_Entredichos_1_p3,0,0.4281,0.0357,0.25
Grüner_Entredichos_1_p13,Gusmán_Entredichos_1_p5,0,0.443,0.0,0.25
Grüner_Entredichos_1_p13,Gusmán_Entredichos_1_p6,0,0.349,0.0323,0.0769
Grüner_Entredichos_1_p13,Gusmán_Entredichos_1_p7,0,0.4211,0.0741,0.1667
Grüner_Entredichos_1_p13,Gusmán_Entredichos_1_p8,0,0.4399,0.0357,0.0769
Grüner_Entredichos_1_p13,Gusmán_Entredichos_1_p10,0,0.5006,0.0,0.1667
Grüner_Entredichos_1_p13,Gusmán_Entredichos_1_p12,1,0.5885,0.0,0.4
Grüner_Entredichos_1_p13,Gusmán_Entredichos_1_p13,1,0.5625,0.0417,0.3
Grüner_Entredichos_1_p13,Gusmán_Entredichos_1_p15,1,0.5056,0.0435,0.6
Grüner_Entredichos_1_p13,Gusmán_Entredichos_1_p16,0,0.3891,0.0,0.4545
Gusmán_Entredichos_1_p1,Gusmán_Entredichos_1_p2,0,0.5061,0.0,0.1111
Gusmán_Entredichos_1_p1,Gusmán_Entredichos_1_p3,0,0.5134,0.0,0.2222
Gusmán_Entredichos_1_p1,Gusmán_Entredichos_1_p5,1,0.4802,0.0556,0.5714
Gusmán_Entredichos_1_p1,Gusmán_Entredichos_1_p6,1,0.5777,0.0741,0.4286
Gusmán_Entredichos_1_p1,Gusmán_Entredichos_1_p7,0,0.4972,0.0,0.4286
Gusmán_Entredichos_1_p1,Gusmán_Entredichos_1_p8,0,0.477,0.0,0.25
Gusmán_Entredichos_1_p1,Gusmán_Entredichos_1_p10,0,0.5555,0.08,0.4286
Gusmán_Entredichos_1_p1,Gusmán_Entredichos_1_p12,0,0.3639,0.1053,0.1111
Gusmán_Entredichos_1_p1,Gusmán_Entredichos_1_p13,0,0.4213,0.0476,0.2857
Gusmán_Entredichos_1_p1,Gusmán_Entredichos_1_p15,0,0.4017,0.0,0.2
Gusmán_Entredichos_1_p1,Gusmán_Entredichos_1_p16,0,0.4233,0.0,0.2
Gusmán_Entredichos_1_p2,Gusmán_Entredichos_1_p3,0,0.4303,0.0455,0.1818
Gusmán_Entredichos_1_p2,Gusmán_Entredichos_1_p5,0,0.4707,0.0667,0.3
Gusmán_Entredichos_1_p2,Gusmán_Entredichos_1_p6,0,0.47,0.0,0.5
Gusmán_Entredichos_1_p2,Gusmán_Entredichos_1_p7,0,0.5157,0.0455,0.0909
Gusmán_Entredichos_1_p2,Gusmán_Entredichos_1_p8,0,0.3148,0.0,0.0909
Gusmán_Entredichos_1_p2,Gusmán_Entredichos_1_p10,0,0.3334,0.0,0.2
Gusmán_Entredichos_1_p2,Gusmán_Entredichos_1_p12,1,0.3167,0.0,0.0909
Gusmán_Entredichos_1_p2,Gusmán_Entredichos_1_p13,1,0.3692,0.0,0.2222
Gusmán_Entredichos_1_p2,Gusmán_Entredichos_1_p15,1,0.446,0.0,0.1667
Gusmán_Entredichos_1_p2,Gusmán_Entredichos_1_p16,0,0.4212,0.0,0.0
Gusmán_Entredichos_1_p3,Gusmán_Entredichos_1_p5,0,0.3994,0.05,0.4
Gusmán_Entredichos_1_p3,Gusmán_Entredichos_1_p6,0,0.4259,0.0333,0.3
Gusmán_Entredichos_1_p3,Gusmán_Entredichos_1_p7,0,0.4551,0.037,0.1818
Gusmán_Entredichos_1_p3,Gusmán_Entredichos_1_p8,0,0.419,0.037,0.3
Gusmán_Entredichos_1_p3,Gusmán_Entredichos_1_p10,0,0.4564,0.0,0.625
Gusmán_Entredichos_1_p3,Gusmán_Entredichos_1_p12,0,0.4081,0.0,0.3
Gusmán_Entredichos_1_p3,Gusmán_Entredichos_1_p13,0,0.4341,0.0,0.3333
Gusmán_Entredichos_1_p3,Gusmán_Entredichos_1_p15,0,0.4082,0.0,0.1538
Gusmán_Entredichos_1_p3,Gusmán_Entredichos_1_p16,0,0.3442,0.0,0.25
Gusmán_Entredichos_1_p5,Gusmán_Entredichos_1_p6,1,0.5793,0.0,0.625
Gusmán_Entredichos_1_p5,Gusmán_Entredichos_1_p7,0,0.4424,0.05,0.3
Gusmán_Entredichos_1_p5,Gusmán_Entredichos_1_p8,0,0.43,0.05,0.3
Gusmán_Entredichos_1_p5,Gusmán_Entredichos_1_p10,0,0.455,0.0476,0.625
Gusmán_Entredichos_1_p5,Gusmán_Entredichos_1_p12,0,0.3953,0.0,0.1818
Gusmán_Entredichos_1_p5,Gusmán_Entredichos_1_p13,0,0.4152,0.0,0.3333
Gusmán_Entredichos_1_p5,Gusmán_Entredichos_1_p15,0,0.4391,0.0,0.25
Gusmán_Entredichos_1_p5,Gusmán_Entredichos_1_p16,0,0.3796,0.0,0.1538
Gusmán_Entredichos_1_p6,Gusmán_Entredichos_1_p7,0,0.4492,0.0,0.2
Gusmán_Entredichos_1_p6,Gusmán_Entredichos_1_p8,0,0.3758,0.0333,0.3333
Gusmán_Entredichos_1_p6,Gusmán_Entredichos_1_p10,0,0.3846,0.0323,0.5
Gusmán_Entredichos_1_p6,Gusmán_Entredichos_1_p12,0,0.3836,0.0,0.0909
Gusmán_Entredichos_1_p6,Gusmán_Entredichos_1_p13,0,0.3817,0.0385,0.2222
Gusmán_Entredichos_1_p6,Gusmán_Entredichos_1_p15,0,0.4095,0.0,0.0769
Gusmán_Entredichos_1_p6,Gusmán_Entredichos_1_p16,0,0.3465,0.0,0.0769
Gusmán_Entredichos_1_p7,Gusmán_Entredichos_1_p8,0,0.391,0.0,0.0909
Gusmán_Entredichos_1_p7,Gusmán_Entredichos_1_p10,0,0.3713,0.0,0.2
Gusmán_Entredichos_1_p7,Gusmán_Entredichos_1_p12,0,0.4999,0.0,0.0909
Gusmán_Entredichos_1_p7,Gusmán_Entredichos_1_p13,0,0.4636,0.0435,0.2222
Gusmán_Entredichos_1_p7,Gusmán_Entredichos_1_p15,0,0.5187,0.0952,0.2727
Gusmán_Entredichos_1_p7,Gusmán_Entredichos_1_p16,0,0.3816,0.0,0.2727
Gusmán_Entredichos_1_p8,Gusmán_Entredichos_1_p10,1,0.7451,0.16,0.5
Gusmán_Entredichos_1_p8,Gusmán_Entredichos_1_p12,1,0.4478,0.0,0.2
Gusmán_Entredichos_1_p8,Gusmán_Entredichos_1_p13,0,0.4177,0.0,0.0
Gusmán_Entredichos_1_p8,Gusmán_Entredichos_1_p15,0,0.3656,0.0,0.0769
Gusmán_Entredichos_1_p8,Gusmán_Entredichos_1_p16,0,0.3359,0.0,0.1667
Gusmán_Entredichos_1_p10,Gusmán_Entredichos_1_p12,1,0.4236,0.0435,0.2
Gusmán_Entredichos_1_p10,Gusmán_Entredichos_1_p13,0,0.4572,0.0417,0.2222
Gusmán_Entredichos_1_p10,Gusmán_Entredichos_1_p15,0,0.3533,0.0,0.0769
Gusmán_Entredichos_1_p10,Gusmán_Entredichos_1_p16,0,0.329,0.0,0.1667
Gusmán_Entredichos_1_p12,Gusmán_Entredichos_1_p13,1,0.6023,0.0,0.2222
Gusmán_Entredichos_1_p12,Gusmán_Entredichos_1_p15,1,0.5547,0.0,0.4
Gusmán_Entredichos_1_p12,Gusmán_Entredichos_1_p16,0,0.4296,0.0,0.5556
Gusmán_Entredichos_1_p13,Gusmán_Entredichos_1_p15,1,0.6106,0.1176,0.3
Gusmán_Entredichos_1_p13,Gusmán_Entredichos_1_p16,0,0.3387,0.0,0.1818
Gusmán_Entredichos_1_p15,Gusmán_Entredichos_1_p16,0,0.4301,0.05,0.4545
